-- phpMyAdmin SQL Dump
-- version 4.2.7.1
-- http://www.phpmyadmin.net
--
-- Host: 10.129.76.12
-- Tempo de geração: 03/11/2015 às 12:15
-- Versão do servidor: 5.6.23-log
-- Versão do PHP: 5.5.4

SET SQL_MODE = "NO_AUTO_VALUE_ON_ZERO";
SET time_zone = "+00:00";


/*!40101 SET @OLD_CHARACTER_SET_CLIENT=@@CHARACTER_SET_CLIENT */;
/*!40101 SET @OLD_CHARACTER_SET_RESULTS=@@CHARACTER_SET_RESULTS */;
/*!40101 SET @OLD_COLLATION_CONNECTION=@@COLLATION_CONNECTION */;
/*!40101 SET NAMES utf8 */;

--
-- Banco de dados: `admin_caboco`
--

-- --------------------------------------------------------

--
-- Estrutura para tabela `album`
--

CREATE TABLE IF NOT EXISTS `album` (
`album_id` int(10) unsigned NOT NULL,
  `nome` varchar(100) NOT NULL DEFAULT '',
  `usuario_id` int(10) unsigned NOT NULL,
  `data` varchar(45) NOT NULL DEFAULT ''
) ENGINE=InnoDB  DEFAULT CHARSET=latin1 AUTO_INCREMENT=14 ;

--
-- Fazendo dump de dados para tabela `album`
--

INSERT INTO `album` (`album_id`, `nome`, `usuario_id`, `data`) VALUES
(5, 'evento xxx', 2, '23-09-2015'),
(6, 'pooo', 1, '29-09-2015'),
(7, 'FESTA ', 1, '29-09-2015'),
(8, 'KSAXASX', 1, '29-09-2015'),
(9, 'NOVO ALBUM FOTOS', 2, '29-09-2015'),
(10, 'EVENTO NOVO XXX', 2, '29-09-2015'),
(11, 'FESTA XKY', 2, '29-09-2015'),
(12, 'FESTA VIP ', 1, '30-09-2015'),
(13, 'NIVER MICHELL', 3, '');

-- --------------------------------------------------------

--
-- Estrutura para tabela `album_fotos`
--

CREATE TABLE IF NOT EXISTS `album_fotos` (
`album_fotos_id` int(10) unsigned NOT NULL,
  `data` varchar(45) NOT NULL DEFAULT '',
  `album_id` int(10) unsigned NOT NULL,
  `img` varchar(45) NOT NULL DEFAULT '',
  `legenda` varchar(45) NOT NULL DEFAULT '',
  `capa_album` int(10) unsigned NOT NULL DEFAULT '0'
) ENGINE=InnoDB  DEFAULT CHARSET=latin1 AUTO_INCREMENT=17 ;

--
-- Fazendo dump de dados para tabela `album_fotos`
--

INSERT INTO `album_fotos` (`album_fotos_id`, `data`, `album_id`, `img`, `legenda`, `capa_album`) VALUES
(6, '29-10-2015', 9, 'foto-festa.jpg', 'FESTA BOA', 1),
(7, '29-10-2015', 9, 'foto-festa2.jpg', 'LEGENDA FOTO', 2),
(8, '29-10-2015', 9, 'foto-festa4.jpg', 'xxxxxxxxx', 2),
(9, '29-10-2015', 10, 'foto-festa4.jpg ', 'TESTE LEGENDA', 2),
(10, '29-10-2015', 10, 'foto-festa1.jpg', 'LEGENDA FOTO NOVA', 1),
(11, '29-10-2015', 11, 'foto-festa5.jpg', 'LEGNADA FOTO', 1),
(12, '29-10-2015', 11, 'foto-festa3.jpg', 'XXXXXX', 2),
(13, '29-10-2015', 11, 'foto-festa2.jpg ', 'XXXXXX', 2),
(14, '29-10-2015', 11, 'foto-festa1.jpg', 'XXXXX', 2),
(15, '30-10-2015', 13, 'a-Industrial-e-Inovao-010.jpg.jpg', 'dadada', 1),
(16, '21-10-2015', 13, 'a-Industrial-e-Inovao-010.jpg.jpg', 'hjjhhjh', 2);

-- --------------------------------------------------------

--
-- Estrutura para tabela `banner`
--

CREATE TABLE IF NOT EXISTS `banner` (
`banner_id` int(10) unsigned NOT NULL,
  `data_inicio` date NOT NULL DEFAULT '0000-00-00',
  `data_final` date NOT NULL DEFAULT '0000-00-00',
  `formato` varchar(100) NOT NULL DEFAULT '',
  `titulo` varchar(200) NOT NULL DEFAULT '',
  `link` varchar(45) NOT NULL DEFAULT '',
  `img` varchar(100) NOT NULL DEFAULT '',
  `usuario_id` int(10) unsigned NOT NULL,
  `publicar` int(10) unsigned NOT NULL DEFAULT '0'
) ENGINE=InnoDB  DEFAULT CHARSET=latin1 AUTO_INCREMENT=18 ;

--
-- Fazendo dump de dados para tabela `banner`
--

INSERT INTO `banner` (`banner_id`, `data_inicio`, `data_final`, `formato`, `titulo`, `link`, `img`, `usuario_id`, `publicar`) VALUES
(9, '2015-10-28', '2015-11-07', 'SUPER BANNER - HOME', 'banner modelo teste 01', 'http://www.carangoavapor.com', 'banner-topo.gif', 2, 2),
(12, '2015-10-29', '2015-11-07', 'SUPER BANNER - HOME', 'banner modelo teste 03', 'http://www.portaldocaboco.com.br', 'banner-topo 1.png', 2, 1),
(13, '2015-10-29', '2015-10-30', 'RODAPÉ BANNER - HOME', 'banner modelo teste 04', 'http://www.carangoavapor.com', 'banner-topo 1.png', 2, 1),
(14, '2015-10-29', '2015-10-30', 'SQUARE BANNER - HOME', 'banner modelo teste 05', 'http://www.carangoavapor.com', 'viator-banner-300x250-pulau-payar.gif', 2, 1),
(15, '2015-10-29', '2015-11-06', 'SQUARE BANNER - HOME', 'banner modelo teste 06', 'http://www.carangoavapor.com', 'slog_300x250_BANNER_SQUARE.gif', 2, 1),
(17, '2015-10-29', '2015-10-30', 'S. BANNER - INTERNAS', 'banner modelo teste 07', 'http://www.carangoavapor.com', 'jornalismo20-banner-728x90.png', 2, 1);

-- --------------------------------------------------------

--
-- Estrutura para tabela `blogs`
--

CREATE TABLE IF NOT EXISTS `blogs` (
`blogs_id` int(10) unsigned NOT NULL,
  `nome` varchar(100) NOT NULL DEFAULT '',
  `titulo` varchar(100) NOT NULL DEFAULT '',
  `link` varchar(45) NOT NULL DEFAULT '',
  `img` varchar(100) NOT NULL DEFAULT '',
  `usuario_id` int(10) unsigned NOT NULL
) ENGINE=InnoDB  DEFAULT CHARSET=latin1 AUTO_INCREMENT=4 ;

--
-- Fazendo dump de dados para tabela `blogs`
--

INSERT INTO `blogs` (`blogs_id`, `nome`, `titulo`, `link`, `img`, `usuario_id`) VALUES
(2, 'Homem da Floresta', 'Blog do Homem da Floresta', 'http://blog_do_homem_da_floresta', 'homem.jpg', 2),
(3, 'Blog do Orlando', 'Blog do Orlando Camara', 'http://Blog do Orlando', 'Orlando003.jpg', 1);

-- --------------------------------------------------------

--
-- Estrutura para tabela `editoria`
--

CREATE TABLE IF NOT EXISTS `editoria` (
`editoria_id` int(10) unsigned NOT NULL,
  `nome` varchar(100) NOT NULL DEFAULT '',
  `cor` varchar(45) NOT NULL DEFAULT '',
  `class` varchar(45) NOT NULL DEFAULT '',
  `bg` varchar(45) NOT NULL DEFAULT ''
) ENGINE=InnoDB  DEFAULT CHARSET=latin1 AUTO_INCREMENT=10 ;

--
-- Fazendo dump de dados para tabela `editoria`
--

INSERT INTO `editoria` (`editoria_id`, `nome`, `cor`, `class`, `bg`) VALUES
(1, 'NOTÍCIAS', 'verde', 'verde-ft', 'verde-bg'),
(2, 'POLÍTICA', 'verde', 'verde-ft', 'verde-bg'),
(3, 'ESPORTE', 'vermelho', 'vermelho-ft', 'vermelho-bg'),
(4, 'ENTRETENIMENTO', 'laranja', 'laranja-ft', 'laranja-bg'),
(5, 'AMAZÔNIA', 'roxo', 'roxo-ft', 'roxo-bg'),
(6, 'POLÍCIA', 'marrom', 'marrom-ft', 'marrom-bg'),
(7, 'CULTURA', 'azul', 'azul-ft', 'azul-bg'),
(8, 'RELIGIÃO', 'amarelo-escuro', 'amarelo-escuro-ft', 'amarelo-escuro-bg'),
(9, 'MUNDO', 'verde', 'verde-ft', 'verde-bg');

-- --------------------------------------------------------

--
-- Estrutura para tabela `noticia`
--

CREATE TABLE IF NOT EXISTS `noticia` (
`noticia_id` int(10) unsigned NOT NULL,
  `sub_editoriais_id` int(10) unsigned NOT NULL,
  `data_noticia` varchar(45) NOT NULL DEFAULT '',
  `fonte` varchar(100) NOT NULL DEFAULT '',
  `titulo` varchar(200) NOT NULL DEFAULT '',
  `texto` longtext NOT NULL,
  `texto_detalhe` longtext NOT NULL,
  `img` varchar(100) NOT NULL DEFAULT '',
  `legenda` varchar(200) NOT NULL DEFAULT '',
  `posicao_img` varchar(100) NOT NULL DEFAULT '',
  `video` varchar(100) NOT NULL DEFAULT '',
  `legenda_video` varchar(100) NOT NULL DEFAULT '',
  `tags` varchar(200) NOT NULL DEFAULT '',
  `destaque_banner` int(10) unsigned NOT NULL DEFAULT '0',
  `publicar` int(10) unsigned NOT NULL DEFAULT '0',
  `usuario_id` int(10) unsigned NOT NULL,
  `cliks` int(10) unsigned NOT NULL DEFAULT '0'
) ENGINE=InnoDB  DEFAULT CHARSET=latin1 AUTO_INCREMENT=77 ;

--
-- Fazendo dump de dados para tabela `noticia`
--

INSERT INTO `noticia` (`noticia_id`, `sub_editoriais_id`, `data_noticia`, `fonte`, `titulo`, `texto`, `texto_detalhe`, `img`, `legenda`, `posicao_img`, `video`, `legenda_video`, `tags`, `destaque_banner`, `publicar`, `usuario_id`, `cliks`) VALUES
(4, 41, '14-10-2015', 'G1.com', 'Com Neymar, Dunga terá de sacrificar Oscar, Douglas Costa ou centroavante', 'A presença de um jogador fazendo a função de centroavante, seja ele de origem, como Ricardo Oliveira, ou adaptado, caso de Hulk, não vinha sendo habitual nessa segunda passagem do técnico pela Seleção. No início de seu trabalho, Diego Tardelli e Roberto Firmino se alternaram como parceiros de ataque do craque, num sistema de mais movimentação. É possível que o 4-2-3-1 usado por Dunga nas primeiras duas rodadas das eliminatórias sofra ajustes e volte a ser um 4-4-2. \r\n\r\nA volta de Neymar se dará justamente no clássico diante da Argentina, provavelmente em Buenos Aires, embora a federação local cogite transferir a partida para o interior. A força do adversário e sua necessidade de conquistar a primeira vitória no torneio – tem uma derrota e um empate – certamente vai interferir na decisão de Dunga. Se o brasileiro está mais do que garantido na convocação da semana que vem, por outro lado, Messi, seu amigo de Barcelona, dificilmente estará recuperado de lesão no ligamento colateral interno do joelho esquerdo.', '', 'neymar.jpg', 'teste legenda', '2', '', '', 'Notícia,neymar,seleção', 2, 1, 2, 0),
(5, 15, '14-10-2015', 'G1.com', 'Arthur pede explicações da Eletrobras sobre', 'A presença de um jogador fazendo a função de centroavante, seja ele de origem, como Ricardo Oliveira, ou adaptado, caso de Hulk, não vinha sendo habitual nessa segunda passagem do técnico pela Seleção. No início de seu trabalho, Diego Tardelli e Roberto Firmino se alternaram como parceiros de ataque do craque, num sistema de mais movimentação. É possível que o 4-2-3-1 usado por Dunga nas primeiras duas rodadas das eliminatórias sofra ajustes e volte a ser um 4-4-2. \r\n\r\nA volta de Neymar se dará justamente no clássico diante da Argentina, provavelmente em Buenos Aires, embora a federação local cogite transferir a partida para o interior. A força do adversário e sua necessidade de conquistar a primeira vitória no torneio – tem uma derrota e um empate – certamente vai interferir na decisão de Dunga. Se o brasileiro está mais do que garantido na convocação da semana que vem, por outro lado, Messi, seu amigo de Barcelona, dificilmente estará recuperado de lesão no ligamento colateral interno do joelho esquerdo.', '', 'foto1.jpg', 'teste legenda 01', '3', '', '', 'Notícia', 1, 1, 2, 0),
(6, 27, '14-10-2015', 'G1.com', 'Com Neymar, Dunga terá de sacrificar Oscar, Douglas Costa ou centroavante', 'A presença de um jogador fazendo a função de centroavante, seja ele de origem, como Ricardo Oliveira, ou adaptado, caso de Hulk, não vinha sendo habitual nessa segunda passagem do técnico pela Seleção. No início de seu trabalho, Diego Tardelli e Roberto Firmino se alternaram como parceiros de ataque do craque, num sistema de mais movimentação. É possível que o 4-2-3-1 usado por Dunga nas primeiras duas rodadas das eliminatórias sofra ajustes e volte a ser um 4-4-2. \r\n\r\nA volta de Neymar se dará justamente no clássico diante da Argentina, provavelmente em Buenos Aires, embora a federação local cogite transferir a partida para o interior. A força do adversário e sua necessidade de conquistar a primeira vitória no torneio – tem uma derrota e um empate – certamente vai interferir na decisão de Dunga. Se o brasileiro está mais do que garantido na convocação da semana que vem, por outro lado, Messi, seu amigo de Barcelona, dificilmente estará recuperado de lesão no ligamento colateral interno do joelho esquerdo.', '', 'foto-esporte3.jpg', '', '1', '', '', 'Notícia,ronda', 1, 1, 2, 0),
(7, 17, '14-10-2015', 'G1.com', 'Arthur pede explicações da Eletrobras sobre falta de recursos para o plano de investimentos', 'A decisão do Tribunal de Contas da União de rejeitar as contas da presidente Dilma Rousseff deve ser comemorada por todos os brasileiros que pregam o aprofundamento da democracia e o rigoroso cumprimento das leis. Comprova que não se pode abusar da mentira para vencer as eleições, nem governar na base do jeitinho, da enganação e da fanfarronice.\r\nMostra claramente que quem administra o bem público sem rigor e austeridade não pode continuar exercendo o poder. Deve pedir o chapéu, guardar seus pertences e ir para casa para preservar o que lhe resta de dignidade.\r\nMas estamos diante de um governo cego e alheio à realidade. É difícil acreditar em ato honroso pelo bem do Brasil, porque quem se mantém no cargo apenas pelo projeto de poder do partido não abdica facilmente de seu trono.\r\nIndependente da vontade do PT e da presidente, estamos diante de um fato histórico: o começo do fim do segundo mandato de Dilma Rousseff. Um governo que iniciou manco, sem estratégia, nem planos para o Brasil. Que tinha apenas como objetivo sobreviver.\r\nAgora é a vez do Congresso mostrar sua força e independência confirmando a decisão do TCU. Precisamos, todos nós parlamentares, manifestar ao povo brasileiro que não compactuamos com a corrupção como modelo de governo, que não concordamos com falsidades e mentiras, que não consentimos com a incompetência. E, sobretudo, que um governo feito de mentiras não pode permanecer.', '', 'foto-politica4.jpg', 'LEGENDA', '1', '', '', 'Notícia,POLITICA', 2, 1, 2, 0),
(8, 18, '28-09-2015', 'G1.com', 'Comentarista vê Brasil mais confiante contra Argentina "muito pressionada"', 'A vitória de 3 a 1 do Brasil sobre a Venezuela não foi importante apenas pelos três pontos que colocaram a Seleção na quinta colocação das eliminatórias sul-americanas da Copa de 2018. Para o comentarista Paulo Cesar Vasconcellos, o triunfo na Arena Castelão, no Ceará, foi fundamental para dar confiança aos jogadores comandados pelo técnico Dunga para o compromisso de novembro contra a Argentina, fora de casa.\r\n\r\n- Vai ser um jogo de alta temperatura. No Monumental de Núñez, com uma Argentina que inicia as eliminatórias de maneira frustrante e, até por isso, foi importante a seleção brasileira ter uma vitória convincente contra a Venezuela. A Seleção conseguiu a vitória fazendo boas jogadas, teve uma atuação superior ao jogo contra o Chile e vai encarar uma Argentina absolutamente pressionada. Nesse momento, mais pressionada que o Brasil. E para piorar a situação, dificilmente com o Messi - disse. ', '', 'selcao.jpg', 'teste', '2', '', '', 'Notícia', 1, 1, 2, 0),
(9, 13, '16-10-2015', 'G1.com', 'Em casa,  na Seleção, Lucas Lima revela sonho de enfrentar a Argentina', 'Destaque do Santos, Lucas Lima está cada vez mais ambientado ao clima da Seleção. A vitória de 3 a 1 sobre a Venezuela, em Fortaleza, foi a quarta oportunidade do meia de vestir o uniforme verde e amarelo e ele já faz planos se firmar no grupo comandado por Dunga. E o desejo de permanecer sendo convocado se mistura com o sonho de enfrentar a Argentina, adversário do Brasil fora de casa no dia 13 de novembro, pelas eliminatórias da Copa do Mundo de 2018\r\n\r\n"Em entrevista" ao SporTV, o camisa 20 do Peixe, garantiu que os amistosos contra Costa Rica e Estados Unidos foram importantes na sua adaptação à Seleção e revelou que sempre sonhou jogar um clássico contra os argentinos, uma partida que ele encara como fundamental para mostrar o seu valor para Dunga.\r\n\r\n- Acho que é preciso se adaptar rápido. Os dois amistosos, para mim, foram importantes. A cada partida eu vou me soltando mais e vou melhorar (...). Todo o jogo eu procuro dar o meu melhor para poder me firmar e render mais. Um clássico desse tamanho, desde pequeno, eu sempre sonhei jogar. Se eu tiver uma oportunidade, eu vou procurar fazer o meu melhor para ajudar a Seleção.', '', 'foto-esporte2.jpg', '', '1', '', '', 'Notícia,copa', 2, 1, 2, 0),
(10, 50, '20-10-2015', 'emTempo', 'Preso suspeito de matar sargento da PM em maio deste ano', 'O suspeito foi autuado por homicídio qualificado. Após os procedimentos \r\nna especializada, ele será encaminhado à Cadeia Pública – foto: Márcio \r\nMelo\r\n\r\nRomário Correa Chaves, 21, foi apresentado na manhã desta terça-feira \r\n(20), na sede da Delegacia Especializada em Homicídios e Sequestros \r\n(DEHS), suspeito de ser um dos autores do homicídio do sargento da \r\nPolicia Militar do Amazonas (PM-AM), Elcy Lima da Silva, 29, ocorrido no\r\n dia 6 de maio deste ano, na rua Sardinha, bairro Zona Oeste da cidade.\r\n\r\nO homem foi preso na tarde de ontem (19), após ir até a delegacia de \r\nhomicídios prestar um depoimento sobre o caso, mas foi surpreendido pelo\r\n mandado de prisão.\r\n\r\nSegundo o delgado titular da DEHS, Ivo Martins, o sargento trabalhava \r\ncomo segurança particular de um condômino residencial, localizado no \r\nTarumã, Zona Oeste. Na ocasião do crime, a vítima estava trabalhando \r\nquando percebeu que o suspeito, juntamente com os outros dois comparsas \r\nidentificados como Everton Ricardo Lima, 27, e ‘Garganta ou Carcaça’ \r\nestavam tentando assaltar uma residência na localidade.\r\n\r\nO policial, que estava numa motocicleta de placas e caraterísticas não \r\ndivulgadas, se aproximou do trio e tentou impedir a ação criminosa, mas \r\nacabou sendo atingindo com dois tiros. Os suspeitos fugiram levando a \r\narma e a moto da vítima.\r\n\r\nEm depoimento, Romário diz que está arrependido e conta detalhes do \r\ncrime. “Estávamos fazendo um assalto em uma casa, quando o alarme \r\ndisparou, nesse momento, ele apareceu e, quando estava tentando tirar a \r\narma da cintura, nós formos mais rápidos e atiramos nele, mas estou \r\nmuito arrependido, se pudesse voltar no tempo, não faria isso”, disse o \r\nsuspeito.\r\n\r\nRomário ainda falou que se soubesse que a vítima era policial militar \r\njamais teria atirando nele. “Não sabia que ele era policial, se eu \r\nsoubesse não teria atirado, apenas teria fugido”, concluiu.\r\n\r\nO delegado ainda informou que Everton está sendo procurando pela \r\npolícia, já o outro comparsa provavelmente está morto, entretanto a \r\nmorte ainda não confirmada. O trio era bastante conhecido no bairro pela\r\n prática de assaltos.\r\n\r\nO suspeito foi autuado por homicídio qualificado. Após os procedimentos \r\nna especializada, ele será encaminhado à Cadeia Pública Desembargador \r\nRaimundo Vidal Pessoa, no Centro de Manaus.<br>', '', 'DEHS-Marcio-Melo.jpg', 'DEHS-Marcio-Melo', '2', '', '', 'Notícia,crime,polícia,assasino,drogas,chassina', 1, 1, 2, 0),
(11, 13, '20-10-2015', 'veja.com', 'Pedaladas: Renan dará 45 dias para Dilma se defender', 'Prazo para que Planalto rebata parecer do TCU, que rejeitou as contas do\r\n governo, e rito de comissão de orçamento devem empurrar para o ano que \r\nvem a votação no Congresso do balanço fiscal de 2014 <br>', '', 'alx_montagem-brasil-dilma-renan_original.jpeg', 'Pedaladas: Renan dará 45 dias para Dilma se defender', '1', '', '', 'Notícia,dilma,renan,roubo,pt,tcu,balanço fiscal', 1, 1, 2, 0),
(12, 13, '20-10-2015', 'emTempo', 'Confirmada para dezembro inauguração do primeiro trecho da avenida das Flores', 'O governador José Melo confirmou para dezembro deste ano a inauguração \r\ndo primeiro trecho de 6,5 quilômetros da avenida das Flores. A \r\ninformação foi dada na manhã desta segunda-feira (19), durante \r\nfiscalização ao canteiro de obras do empreendimento, assim como do anel \r\nviário sul.\r\n\r\nO chefe do executivo estadual afirmou que mobilidade urbana e o \r\ntransporte de cargas das empresas do Polo Industrial de Manaus (PIM) \r\nganharão melhorias com a abertura dos novos eixos viários na capital.\r\n\r\nCom investimentos que totalizam R$ 283,4 milhões, as obras abrirão mais \r\nde 20 quilômetros de novas avenidas de grande porte na cidade, criando \r\nalternativas para a locomoção e estabelecendo uma via expressa entre o \r\nDistrito Industrial e o Aeroporto Internacional Eduardo Gomes.\r\n\r\nA avenida das flores foi a primeira a receber a visita do governador e \r\ncomitiva formada por deputados estaduais e o secretário de \r\ninfraestrutura, Gilberto de Deus. “A cidade de Manaus carece de grandes \r\navenidas para que o trânsito possa escoar com mais facilidade. Entre as \r\nobras importantes que estamos trabalhando está a avenida das Flores, que\r\n vai permitir aliviar a Torquato Tapajós, uma vez que ela vai ficar \r\nparalela conectando com a avenida das Torres e oferecendo alternativa ao\r\n trânsito que vem das zonas norte e leste”, destacou o governador.\r\n\r\nO trecho de 6,5 quilômetros da avenida das Flores, que deve ser \r\ninaugurado em dezembro, vai da avenida 7 de abril, no bairro Santa \r\nEtelvina, até o quilômetro 19 da AM-010. Todo o trecho já recebeu a \r\nprimeira camada de asfalto e agora está passando por obras de construção\r\n de meio fio e calçadas.\r\n\r\nCom mais de 11 quilômetros de extensão, a avenida das Flores abrirá nova\r\n rota de escoamento do trânsito na zona norte de Manaus, continuando a \r\navenida Governador José Lindoso (avenida das Torres) e interligando-se a\r\n AM-010 (Manaus-Itacoatiara).\r\n\r\nO investimento é de R$ 202,3 milhões. A nova avenida será conectada aos \r\nanéis viários sul e leste, projeto do Governo que criará um amplo \r\ncorredor de mobilidade urbana que vai interligar o Distrito Industrial \r\nao Aeroporto Internacional Eduardo Gomes, no Tarumã, zona oeste. A \r\nprevisão é que a avenida das Flores seja completamente entregue até o \r\nfinal do ano que vem.\r\n\r\nComemorando o avanço das obras, José Melo afirmou que os projetos são \r\nfundamentais para Manaus. Pela manhã, o governador também vistoriou as \r\nobras do anel viário sul, no bairro do Tarumã, zona oeste da cidade.\r\n\r\n“Nosso aeroporto é o segundo em cargas do país, só perde para Guarulhos,\r\n por conta da movimentação de cargas das empresas do polo industrial e \r\nquando os anéis ficarem prontos todo o tráfego que sai do Distrito \r\nIndustrial no sentido do aeroporto, ou no sentido da zona oeste da \r\ncidade, poderá ser feito por uma via expressa. Vamos desafogar o \r\ntrânsito da população e facilitar esse transporte para as empresas. São \r\nobras fundamentais para a cidade de Manaus”, disse.\r\n\r\nO anel viário sul tem início na avenida Santos Dumont e vai até o \r\ncomplexo José Henriques (Tarumã/Santa Etelvina). Com ele, a Estrada do \r\nTarumã será duplicada e haverá a implantação de 14 baias para paradas de\r\n ônibus. Com investimento da ordem de R$ 81,1 milhões, o projeto prevê \r\nque o anel sul seja implantado em um total de 8,3 quilômetros, uma via \r\nde mão dupla com três pistas de rolamento em cada um dos lados, e \r\npasseios laterais. “Em mais dois verões vamos concluir os anéis \r\nviários”, afirmou José Melo.<br>', '', 'avenida-das-flores-reproduc.jpg', 'Melo na Av. das Flores', '1', '', '', 'Notícia,Av. das Flores,Ponte,Inauguração', 1, 1, 2, 0),
(13, 50, '20-10-2015', 'emTempo', 'Dupla invade casa, rouba e mata idosa de 78 anos a tiros', 'Uma dupla de bandidos, até o momento não identificados, invadiu na \r\nnoite desta terça-feira (20) uma residência localizada na rua Adalberto \r\nVale, beco Salustiana, Betânia, Zona Sul de Manaus, e matou, a tiros, \r\numa idosa de 78 anos. O crime aconteceu por volta da 22h.\r\n \r\n<div>\r\n\r\n \r\n\r\n\r\n</div>\r\n\r\n<span>A senhora, identificada como Maria da Conceição Nascimento\r\n dos Santos, era mãe das proprietárias da casa e estava em Manaus para <a rel="nofollow" target="">exames médicos</a> e tratamento de saúde, visto que morava no interior.</span>\r\n<span>Os bandidos teriam batido na porta da residência e a \r\nsenhora, de forma inocente, abriu para ver quem era, quando foi \r\nsurpreendida pelos homens que <a rel="nofollow" target="">anunciaram</a> o assalto.</span>\r\nEles colocaram a idosa de joelhos na sala e levaram suas filhas para \r\noutro cômodo da casa, roubando em seguida equipamentos eletroeletrônicos\r\n e pertences pessoais da família.\r\n<span>Não <a rel="nofollow" target="">satisfeito</a>,\r\n o bandido que mantinha a idosa sobre a mira de um revolver, atirou duas\r\n vezes em sua cabeça, matando-a sem motivo aparente, já que ela não \r\nteria reagido.</span>\r\nO Instituto Médico Legal (IML) foi acionado por volta das 23h para \r\nremover o corpo. Até o momento da publicação desta matéria, ninguém \r\nhavia sido preso. O caso será investigado pela Delegacia Especializada \r\nem Homicídios e Sequestros (DEHS).<br><br>', '', 'idosa-divulg.jpg', 'Dupla invade casa na Betânia, rouba família e mata idosa de 78 anos, com dois tiros', '1', '', '', 'Notícia,violência,betânia,idosa', 1, 1, 2, 0),
(14, 50, '21-10-2015', 'emTempo', 'Assaltantes invadem residência e fazem moradores reféns, no Dom Pedro', '<span>Henrique Félix Carvalho dos Santos, Pamela Glenda Carvalho\r\n de Brito, ambos de 18 anos, Afrânio de Lima da Silva, 19 e Jeferson \r\nSantos de Oliveira, 20, foram presos após assaltarem uma residência e \r\nmanterem os moradores como reféns, durante 20 minutos. O caso ocorreu na\r\n noite dessa terça-feira (20), localizada na rua Thomas Antônio Gonzaga,\r\n bairro Dom Pedro, Zona Oeste da <a rel="nofollow" target="">cidade</a>.\r\n \r\n</span><div>\r\n\r\n \r\n\r\n\r\n</div>\r\n\r\n<span>De acordo com o tenente da 10ª Companhia Interativa Comunitária (Cicom), Lima Queiroz, a guarnição foi <a rel="nofollow" target="">informada</a>\r\n pelo Centro Integrado de Operações (Ciops), que uma residência, no \r\nbairro Dom Pedro, estava sendo assaltada. Os policiais se deslocaram até\r\n o local <a rel="nofollow" target="">informado</a>, onde se depararam com o bando que estava dentro da residência.</span>\r\n<span>Umas das vítimas, que não teve o nome divulgado, relatou à polícia que os bandidos entraram na residência e, em seguida, <a rel="nofollow" target="">anunciaram</a> o assalto. “Eles apontaram as armas em nossa <a rel="nofollow" target="">direção</a>, e mandavam todos ficarem calados, caso contrário, nos matariam”, disse.</span>\r\n<span>Com os suspeitos, foram apreendidos três revólveres calibre 38, uma TV de 47 <a rel="nofollow" target="">polegadas</a>, um tablet e três aparelhos celulares. O grupo estava colocando todos os pertences das vítimas em um <a rel="nofollow" target="">carro</a> modelo Corsa Classic – cor branca, que&nbsp; também&nbsp; não teve a placa informada -,&nbsp; com restrição de roubo.</span>\r\nO quarteto foi conduzido ao 10° Distrito Integrado de Polícia (DIP), \r\nonde foi autuado por roubo e associação criminosa. Os homens serão \r\nlevados à Cadeia Pública Desembargador Raimundo Vidal Pessoa, no Centro.\r\nJá a Pamela&nbsp; Brito será encaminhada ao Centro de Detenção Provisório Feminino (CDPF), no quilômetro 8 da BR-174.\r\nPor equipe EM TEMPO Online<br><br>', '', 'quatro.png', 'Assaltantes invadem residência e fazem moradores reféns, no Dom Pedro', '2', '', '', 'Notícia,assaltante,refém,dom pedro', 1, 1, 2, 0),
(15, 45, '21-10-2015', 'emTempo', 'Neymar é o único brasileiro entre finalistas do prêmio Bola de Ouro', 'A Fifa divulgou na noite desta segunda-feira (19) os indicados ao \r\nprêmio de melhor jogador do mundo. Dentre os 23 selecionados, o atacante\r\n Neymar é o único brasileiro na disputa pela Bola de Ouro de 2015.\r\n \r\n<div>\r\n\r\n \r\n\r\n\r\n</div>\r\n\r\nOs candidatos foram escolhidos pela Fifa e pela revista ‘France Football’.\r\n<span>Os capitães e técnicos das seleções nacionais e \r\nrepresentantes da mídia escolhidos pela Fifa terão direito a voto. Os \r\ntrês finalistas serão anunciados no dia 30 de novembro. Já o <a rel="nofollow" target="">vencedor</a> será conhecido em 11 de janeiro de 2016, em Zurique, na Suíça.</span>\r\nEste é o segundo ano consecutivo que Neymar aparece como único \r\nbrasileiro dentre os 23 finalistas. Em 2013, além do atacante, o país \r\ntambém foi representado pelo zagueiro Tiago Silva, hoje no Paris \r\nSaint-Germain.\r\nA Alemanha, campeã mundial, e a Argentina, vice, são os países que mais possuem representantes na lista: são três para cada.\r\nEntre os clubes, o que mais tem jogadores indicados ao prêmio é o \r\nBarcelona, com seis jogadores. Real Madrid e Bayern de Munique vêm em \r\nseguida com cinco atletas cada.\r\n<span>Ainda nesta segunda-feira, a Fifa <a rel="nofollow" target="">anunciou</a>\r\n a lista dos dez técnicos que concorrem ao prêmio de melhor do ano. \r\nEntre eles estão Luis Enrique (Barcelona), Pep Guardiola (Bayern \r\nMunique), José Mourinho (Chelsea) e Jorge Sampaoli (Chile), único \r\nfinalista que dirige uma seleção.</span>\r\nVeja a lista dos jogadores indicados\r\n<span>Sergio Agüero (Argentina/Manchester City)<br>\r\nGareth Bale (País de Gales/Real Madrid)<br>\r\nKarim Benzema (França/Real Madrid)<br>\r\nCristiano Ronaldo (Portugal/Real Madrid)<br>\r\nKevin De Bruyne (Bélgica/Wolfsburg/Manchester City)<br>\r\nEden Hazard (Bélgica/Chelsea)<br>\r\nZlatan Ibrahimovic; (Suécia/Paris Saint-Germain)<br>\r\nAndrés Iniesta (Espanha/Barcelona)<br>\r\nToni Kroos (Alemanha/Real Madrid)<br>\r\nRobert Lewandowski (Polônia/Bayern Munique)<br>\r\nJavier Mascherano (Argentina/Barcelona)<br>\r\nLionel Messi (Argentina/Barcelona)<br>\r\nThomas Müller (Alemanha/Bayern Munique)<br>\r\nManuel Neuer (Alemanha/Bayern Munique)<br>\r\nNeymar (Brasil/Barcelona)<br>\r\nPaul Pogba (França/Juventus)<br>\r\nIvan Rakitic; (Croácia/Barcelona)<br>\r\nArjen Robben (Holanda/Bayern Munique)<br>\r\nJames Rodríguez (Colômbia/Real Madrid)<br>\r\nAlexis Sánchez (Chile/Arsenal)<br>\r\nLuis Suárez (Uruguai/Barcelona)<br>\r\nYaya Touré (Costa do Marfim/Manchester City)<br>\r\nArturo Vidal (Chile/Juventus/Bayern Munique)<br>\r\nPor Folhapress</span><br><br>', '', 'Selecaoo_Neymar_divulgacaoo-415x260.jpeg', 'Neymar é o único brasileiro entre finalistas do prêmio Bola de Ouro', '2', '', '', 'Notícia,esporte,neymar,bola de ouro', 1, 1, 2, 0),
(16, 50, '21-10-2015', 'portal do holanda', 'Mulher usava carrinho de bebê para traficar', 'Manaus/AM - Na manhã desta quarta-feira (21) duas \r\nmulheres foram detidas após cumprimento de mandado de prisão na rua \r\nParaguaçu, bairro São José, zona Leste de Manaus.Elas foram \r\nidentificados como Brenda Ferreira Colares, 23, e Walcimara da Cruz \r\nVasconcelos, 19.\r\nDe acordo com informações de policiais civis da Seccional Leste, a \r\ndupla foi presa em flagrante com porções de entorpecentes. Brenda disse \r\nque guardava a droga para Walcimara. A versão foi confirmada para a \r\nsuspeita.<br>', '', 'meninas2.png', 'presa mulher', '3', '', '', 'Notícia,tráfico,carrinho de bebê', 1, 1, 2, 0),
(17, 13, '21-10-2015', 'veja.com', 'CPI da Petrobras: relatórios paralelos de PSDB e PSOL miram Dilma e Cunha', 'O PSDB apresentou nesta quarta-feira um voto em separado na CPI da \r\nPetrobras, no qual defende que a comissão apresente à Mesa Diretora uma \r\ndenúncia contra a presidente Dilma Rousseff por crime de \r\nresponsabilidade, iniciativa que poderia abrir caminho para mais um \r\npedido de impeachment contra a petista. Para o partido, Dilma cometeu \r\ncrimes como improbidade administrativa e se omitiu diante dos sucessivos\r\n atos de corrupção cometidos no escândalo do petrolão. O relatório \r\ntambém defende investigação contra o presidente da Câmara, Eduardo Cunha\r\n (PMDB-RJ).\r\nO partido requer que os indícios de irregularidades praticadas pela \r\npetista sejam encaminhados ao Tribunal Superior Eleitoral (TSE) para \r\nservirem como prova na ação em que a Corte analisa suposto abuso de \r\npoder econômico e político e que, no limite, poderia levar à cassação da\r\n chapa formada por Dilma e pelo seu vice, Michel Temer (PMDB).\r\nEm seu voto, que ainda terá de ser discutido pela CPI da Petrobras, o\r\n PSDB defende a continuidade das investigações contra políticos que já \r\nrespondem a inquéritos no Supremo Tribunal Federal, como o presidente do\r\n Senado, Renan Calheiros (PMDB-AL), o ex-ministro de Minas e Energia e o\r\n senador Edison Lobão (PMDB-MA).\r\nEduardo Cunha, que foi blindado ao longo de toda a CPI, é alvo de um \r\npedido de investigação por suspeitas de crimes como organização \r\ncriminosa, lavagem de dinheiro, corrupção passiva e improbidade \r\nadministrativa. Os tucanos requerem que ele responda no Conselho de \r\nÉtica e Decoro Parlamentar a um processo que pode levar à sua cassação.\r\nO partido mirou ainda na gestão dos ex-presidentes da Petrobras José \r\nSergio Gabrielli e Graça Foster e pediu a instauração de inquéritos \r\npenal e civil contra ambos.\r\nO PSDB também defendeu a instauração de inquérito policial para \r\ninvestigar crimes de organização criminosa, lavagem de dinheiro, \r\ncorrupção passiva, prevaricação, advocacia administrativa e tráfico de \r\ninfluência supostamente praticados pelo ex-presidente Lula, pela \r\npresidente Dilma Rousseff, o ministro Edinho Silva (Secretaria de \r\nComunicação) e os ex-ministros José Dirceu (Casa Civil), Antonio Palocci\r\n (Casa Civil e Fazenda), Guido Mantega (Fazenda), Gilberto Carvalho \r\n(Secretaria-geral) e Ideli Salvatti (Relações Institucionais). Para o \r\npartido, essas autoridades sabiam do esquema de corrupção na Petrobras e\r\n se beneficiaram do propinoduto para atender "interesses \r\npolítico-eleitorais".\r\n"Em termos funcionais, havia um sexto núcleo que estava localizado \r\nexternamente ao ambiente da Petrobras, mas que era responsável pelas \r\ndecisões estratégicas da organização criminosa. Esse sexto núcleo \r\nrecebeu o nome de núcleo estratégico e ficava localizado justamente no \r\nPalácio do Planalto", acusam os tucanos.\r\nSe for acatado o pedido de abertura de inquérito policial, as \r\nsuspeitas contra essas autoridades são investigadas pela polícia e um \r\ndelegado conduz a investigação. Ao final desse processo, caberia ao \r\nMinistério Público propor denúncia criminal. No mesmo voto, os tucanos \r\ntambém afirmaram haver indícios de improbidade administrativa praticada \r\npor Lula, Dirceu, Palocci, Mantega, Gilberto Carvalho, Ideli e Edinho \r\nSilva e pedem a instauração de um inquérito civil contra eles para a \r\ncontinuidade das investigações.\r\nTerceiro relatório - O PSOL também apresentou voto \r\nem separado na CPI da Petrobras por rejeitar as conclusões do relator, o\r\n petista Luiz Sérgio. Ex-ministro do governo Dilma, ele utilizou seu \r\nrelatório final da CPI para atacar as investigações da Lava Jato e para \r\nblindar, além de Dilma, o ex-presidente Lula e os ex-presidentes da \r\nPetrobras Graça Foster e José Sérgio Gabrielli.\r\nO texto do PSOL defende o fim do financiamento privado de campanhas \r\neleitorais, critica a contratação da empresa Kroll, paga para investigar\r\n inconsistências nas declarações de delatores premiados da Lava Jato, e \r\nafirma que a CPI blindou políticos investigados. "Não há nenhum óbice \r\nconstitucional, legal ou regimental para a investigação de \r\nparlamentares", diz o partido.\r\nEm seu voto, o PSOL sugeriu o indiciamento do peemedebista Eduardo \r\nCunha pelos crimes de corrupção passiva, lavagem de dinheiro e \r\norganização criminosa. O presidente da Câmara já foi denunciado pelo \r\nprocurador-geral Rodrigo Janot por corrupção e lavagem e agora é alvo de\r\n um novo inquérito depois que foram descobertas contas secretas na Suíça\r\n em que ele receberia dinheiro de propina.<br><br>', '', 'alx_brasil-cpi-petrobras-20151021-001_original.jpeg', 'CPI da Petrobras: relatórios paralelos de PSDB e PSOL miram Dilma e Cunha', '2', '', '', 'Notícia,política,campanhas eleitorais,CPI,Pretrobras', 1, 1, 2, 0),
(20, 50, '22-10-2015', 'portal do holanda', 'Com prensa hidráulica, laboratório de drogas é descoberto no São José I', 'Manaus/AM - Três homens foram detidos na noite da \r\núltima quarta-feira (21) após um laboratório de drogas ser descoberto na\r\n rua Urariá, bairro São José I, zona Leste de Manaus. Eles foram \r\nidentificados como Marlon Condera do Nascimento, 21, Rafael Campos de \r\nAraújo, 19, e Rafael Pena Lobato, 19.\r\nPoliciais da Força Tática chegaram até os infratores após uma \r\ndenúncia anônima via linha direta do grupamento. O relato dava conta que\r\n uma pessoa conhecida pela alcunha de “Negão" estaria comandando um \r\nlaboratório de entorpecente no apartamento de uma quitinete do bairro.<br>', '', '011.png', 'Com prensa hidráulica, laboratório de drogas é descoberto no São José I', '2', '', '', 'Notícia', 1, 1, 2, 0),
(21, 50, '22-10-2015', 'portal do holanda', 'PM descobre desmanche de motocicletas no Centro', '<span><b>Manaus/AM </b>- Uma denúncia anônima apresentou o \r\nparadeiro de um homem que recebia motocicletas roubadas e as \r\ndesmanchava. Bruno Mendes Fonseca, 21, foi preso na rua Ramos Ferreira, \r\nbairro Centro, zona Sul de Manaus.</span>\r\nDe acordo com informações de policiais militares da 24ª Companhia \r\nInterativa Comunitária (Cicom), o homem tinha conhecimento que as \r\nmotocicletas que chegavam à sua residência tinham origem roubada, mesmo \r\nassim concordava em desmanchá-las.<br><br>', '', 'moto.png', 'PM descobre casa que servia como desmanche de motocicletas no Centro', '2', '', '', 'Notícia,desmanche,moto', 1, 1, 2, 0),
(22, 13, '22-10-2015', 'veja.com', 'STF nega pedido de Cunha para investigar em sigilo contas na Suíça', 'O ministro Teori Zavascki, do Supremo Tribunal Federal (STF), negou \r\npedido do presidente da Câmara, Eduardo Cunha (PMDB-RJ), para que \r\ntramitassem em sigilo as investigações sobre as contas secretas que ele \r\nmantinha na Suíça e que, segundo o Ministério Público, foram abastecidas\r\n com dinheiro do petrolão. A defesa de Cunha alega que as informações \r\nsobre as contas bancárias foram repassadas a autoridades brasileiras por\r\n meio de um acordo de cooperação internacional e que, por isso, o caso \r\ndeveria ser sigiloso. Os advogados do peemedebista também criticam o que\r\n consideram a exposição do parlamentar e de seus familiares com o pedido\r\n de abertura de inquérito, e atacaram o vazamento das informações que \r\ncomprovariam que Cunha, sua mulher Cláudia Cruz e a filha Danielle Cunha\r\n utilizaram dinheiro desviado da Petrobras para fins particulares.\r\nNa última semana, a Procuradoria-Geral da República (PGR) protocolou \r\nno Supremo Tribunal Federal um novo pedido de abertura de inquérito \r\ncontra Eduardo Cunha. O peemedebista, que agora é alvo de um pedido de \r\ncassação no Conselho de Ética e Decoro Parlamentar, já havia sido \r\ndenunciado pelo procurador-geral, Rodrigo Janot, por suspeita de \r\ncorrupção passiva e lavagem de dinheiro.\r\nNo caso das contas secretas na Suíça, as autoridades de investigação \r\ndo país europeu bloquearam o saldo bancário e remeteram os indícios de \r\nirregularidades ao Ministério Público brasileiro. Parte dos recursos, \r\nsegundo os investigadores, foi utilizado para pagar despesas da esposa \r\ndo parlamentar em uma escola de tênis nos Estados Unidos.\r\nEmbora negue ter recebido propina ou manter contas secretas no \r\nexterior, Eduardo Cunha foi citado diversas vezes por delatores e \r\ninvestigados na Lava Jato. O engenheiro João Augusto Henriques, por \r\nexemplo, apontado pelo Ministério Público como um dos operadores do PMDB\r\n na Lava Jato, foi um dos investigados no petrolão que citou o \r\npeemedebista Cunha como um dos beneficiários de dinheiro em contas \r\nsecretas no exterior.\r\nÀ Justiça, o lobista Julio Camargo, que atuou a favor da empresa Toyo\r\n Setal, afirmou que o deputado pediu 5 milhões de dólares do propinoduto\r\n da Petrobras em um contrato de navios-sonda. O ex-gerente da Área \r\nInternacional da Petrobras Eduardo Musa também afirmou que cabia a Cunha\r\n dar a "palavra final" nas decisões da diretoria Internacional - na \r\népoca, a área era comandada pelo réu no petrolão Jorge Zelada.<br><br>', '', 'Cunha.jpeg', 'STF nega pedido de Cunha para investigar em sigilo contas na Suíça', '1', '', '', 'Notícia', 1, 1, 2, 0),
(23, 46, '22-10-2015', 'ge.com', 'Bolsa Atleta em Manaus ', '<span>O prefeito de Manaus, Arthur Virgílio Neto, em conversa com o\r\nGloboEsporte.com, falou a respeito sobre o drama\r\nvivido pelos esportistas de Manaus que ficaram de fora da Edição 2015 do\r\nPrograma Bolsa Atleta. Na ocasião, Arthur ressaltou que os ajustes\r\nprecisavam ser feitos por conta da Crise Econômica que abala o país, e \r\ncitou a judoca Rita de Cássia, que está em Abu Dhabi para disputar \r\nMundial da modalidade, mas que foi cortada do projeto.&nbsp;<br></span>- Na verdade, o programa não teve cortes, a gente apenas colocou\r\nnos eixos. Uma pessoa ganhava um título qualquer e se credenciava para o Bolsa\r\nAtleta. Estava meio solto, hoje em dia tem que ser um título convincente e se\r\ndestina principalmente a esportes olímpicos. Uma onda de crise, você não pode\r\nficar agora - ganhou um campeonato, por exemplo, o Bergão de Jiu-Jitsu – você vai\r\ne coloca no bolsa atleta. Tem que ter títulos convincentes - explicou.<br><span>Neste ano, apenas 18 atletas fora contemplados pelo projeto. Para \r\nconseguir o auxílio que chega a R$ 4 mil, os esportistas precisaram \r\ncomprovar o ranqueamento entre os melhores da modalidade, além de uma \r\nconvocação oficial\r\nda confederação de cada esporte disponibilizada em plataforma digital. \r\nMas vários foram os nomes de "peso" que ficaram de fora, como é o caso \r\nda judoca Rita de Cássia, que está em Abu Dhabi para o Mundial da\r\ncategoria.<br></span><span>&nbsp;- Não sei qual o critério do programa, mas ela teria de\r\nganhar Abu Dhabi para conseguir a bolsa. <br></span><span>Para Arthur, os cortes são necessários para não afetarem outros\r\nsetores da Prefeitura. Quem quiser ter direito ao benefício precisará se\r\nenquadrar nos termos apresentados pelo órgão.<br></span><span>- Não vai ficar em 18, podemos chegar até a 90, até\r\n100, mas com critérios assim: encaixou no critério vai. Senão começa a entrar o\r\nprimo do amigo do vereador, um sobrinho do prefeito que vai querer se\r\ncredenciar, ai tem outro que toda semana que pedala na Ponta Negra, duas, três\r\nvezes. Aí eu vou gastar dinheiro da educação, da saúde, limpeza pública todo\r\ncom isso, ai não é possível. Tem que ter critérios e transparentes. A pessoa\r\ntem que olhar na parede da secretaria e ver lá pregado o critério - concluiu.<br></span>*Por Matheus Castro, com supervisão de Isabella Pina. <br><br><br>', '', 'artur.png', 'Em meio à crise, prefeito de Manaus fala sobre situação do Bolsa Atleta', '3', '', '', 'Notícia,bolsa atleta,olímpiada', 1, 1, 2, 0),
(24, 22, '22-10-2015', 'ge.com', 'Pista de kart de Manaus terá nova iluminação', '<span>A Fundação\r\nVila Olímpica de Manaus inaugura na noite desta quinta-feira o sistema de\r\niluminação da pista de Kart do complexo esportivo. A solenidade está marcada\r\npara as 19h, na sede da entidade, localizada na Avenida Pedro Teixeira, zona\r\nCentro-Oeste da capital.<br></span><span>A obra\r\nrealizada em parceria entre órgãos públicos e privados teve um investimento de\r\nR$ 80 mil. Além da presença estimada de aproximadamente 1,2 mil pessoas, entre\r\nautoridades, atletas, dirigentes e a comunidade em geral, o evento terá a\r\npresença do piloto Gabriel Silva, único amazonense finalista do Campeonato\r\nBrasileiro de Kart nos últimos 17 anos.<br></span><span>- Essa\r\niluminação é um anseio da própria comunidade, que também será beneficiada com a\r\nação - destacou o diretor-presidente da FVO, Aly Almeida.<br></span>Vale lembrar que pista do complexo será iluminada todos os dias da semana, e a partir desta sexta-feira, o espaço\r\nserá utilizado atletas do kart e da motovelocidade. Para o público que quiser acompanhar o espetáculo, a entrada será gratuita. <br><br><br>', '', 'kart.jpg', 'Pista de kart de Manaus terá nova iluminação inaugurada nesta quinta', '2', '', '', 'Notícia,corrida,kart,motovelocidade,kartódromo', 1, 1, 2, 0),
(25, 48, '22-10-2015', 'G1.com', 'Atirador questionou religião de vítimas antes de disparos nos EUA', 'O autor do massacre na Umpqua Community College foi identificado como Chris Harper Mercer,\r\n de 26 anos. Segundo uma TV local, ele era um estudante da faculdade, \r\ninforma a agência Reuters. No entanto, essa informação não foi \r\nconfirmada oficialmente.<br>\r\n	Mercer aparece com armas em fotos publicadas em uma conta do MySpace \r\nque acredita-se que era dele. Segundo a CNN, ele estava com quatro \r\narmas, três delas pequenas, e com um colete a prova de balas.\r\n\r\n	Outra testemunha disse ao jornal "Roseburg News-Review" que o atirador \r\nperguntou a religião dos estudantes antes de atirar. Kortney Moore, de \r\n18 anos, disse que viu seu professor ser atingido na cabeça e que o \r\natirador disse para todos se deitarem no chão. Depois, o atirador pediu \r\npara as pessoas se levantarem e dizerem suas religiões e, então, começou\r\n a disparar, disse a estudante ao jornal local.<br>', '', 'Atirador.jpg', 'Atirador questionou religião de vítimas antes de disparos nos EUA', '2', '', '', 'Notícia', 1, 1, 2, 0),
(26, 50, '23-10-2015', 'emTempo', 'O colombiano é preso com 140 quilos de drogas, munições e granadas', 'O colombiano Jesus Salvador Oraco, 29, foi preso com 140 quilos de \r\ndroga, munições e granadas, nessa quinta-feira (22), no município de \r\nCodajás (a 240 quilômetros de Manaus).\r\n \r\n<div>\r\n\r\n \r\n\r\n\r\n</div>\r\n\r\nDe acordo com o delegado titular da 78ª Delegacia Interativa de \r\nPolícia (DIP), Thyago Garcez, o colombiano foi preso após denúncias \r\nanônimas.\r\n“Recebemos a informação de que uma quadrilha transportava, em um \r\nbarco, uma grande quantidade de drogas, armas e munições. Montamos \r\ncampana em toda a extensão da área portuária de Codajás e conseguimos \r\nidentificar Jesus, no momento em que ele abastecia a embarcação \r\nutilizada para transportar o entorpecente”, contou.\r\nJesus foi conduzido à unidade policial e confessou que faria o \r\ntransporte de drogas oriundas no Estado do Pará para Manaus. Conforme o \r\ndelegado, o infrator também revelou o lugar onde estava guardada a \r\nmercadoria ilícita, um acampamento às margens do rio, distante cerca de \r\n40 minutos de barco.\r\n<span>Os policiais que participavam da <a rel="nofollow" target="">operação</a>\r\n embarcaram em duas lanchas e realizaram campana durante toda a noite de\r\n quarta-feira e madrugada de quinta, a fim de prender em flagrante os \r\ndemais integrantes do esquema criminoso.</span>\r\n“Por volta das 22h ficamos de tocaia com o intuito de identificar \r\nqualquer rastro ou barulho dos infratores, mas somente durante a \r\nmadrugada, por volta das 5h30, foi possível visualizar pegadas em um \r\nbarranco perto do rio. Entramos na mata e em poucos minutos avistamos o \r\nacampamento, onde encontramos a mercadoria ilícita”, explicou Garcez.\r\n<span>No local foram apreendidos 74 quilos de maconha prensada, 66,3 quilos\r\n de pasta base de cocaína, uma pistola calibre nove milímetros, uma \r\nsubmetralhadora calibre 765, uma escopeta calibre 12 semiautomática, \r\nalém de duas granadas de uso restrito do Exército colombiano.<br>\r\n“Todos os cartuchos estavam carregados de munições”, ressaltou o titular da 78ª DIP.</span>\r\n<span>O delegado afirmou que as investigações em torno do caso irão continuar na região de mata fechada com o intuito de <a rel="nofollow" target="">localizar</a>\r\n outras pessoas ligadas ao crime. Jesus foi autuado em flagrante por \r\ntráfico de drogas, associação para o tráfico e porte ilegal de arma de \r\nfogo de uso restrito. Ele ficará preso na sede da 78ª DIP, à disposição \r\nda Justiça.</span>\r\nCom informações da assessoria<br><br>', '', 'colombiano.png', 'Em Codajás, colombiano é preso com 140 quilos de drogas, além de munições e granadas', '2', '', '', 'Notícia,colombiano,granada,munição', 1, 1, 2, 0),
(27, 50, '23-10-2015', 'emTempo', 'Carteiro é encontrado degolado, no Zumbi', 'O carteiro Nelson Dias Pereira Filho, 45, foi encontrado nesta \r\nquinta-feira (22), degolado, pelo filho de 17 anos, na laje de sua \r\nresidência, localizada na rua Jauari, bairro Zumbi 3, Zona Leste. \r\nFamiliares informaram à polícia que em cima do corpo estava um \r\npreservativo lacrado, que os bolsos da bermuda estavam revirados e nada \r\nfoi levado da vítima.\r\n \r\n<div>\r\n\r\n \r\n\r\n\r\n</div>\r\n\r\n<span>De acordo com os policiais militares da 25ª Companhia \r\nInterativa Comunitária (Cicom), o homem foi encontrado por volta das \r\n10h, pelo filho da vítima, um adolescente de 17 anos, que foi até o <a rel="nofollow" target="">pai</a>\r\n para chamá-lo para almoçar. O corpo apresentava o pescoço degolado. \r\nNenhum objeto que possa ter sido usado para desferir o golpe no pescoço \r\ndo carteiro, foi localizado pela família.</span>\r\n<span>Um investigador da Delegacia Especializada de Homicídios e\r\n Sequestros (DEHS), que preferiu não se identificar, disse que \r\nfamiliares relataram que o carteiro chegou <a rel="nofollow" target="">em casa</a>\r\n  ontem, após à meia noite. “A esposa da vítima, uma mulher de 45 anos, \r\nrelatou que ele chegou sozinho, por volta das 0h20 em casa – onde moram o\r\n casal, o filho deles de 17 anos, o <a rel="nofollow" target="">enteado</a>\r\n da vítima de 24 anos e a companheira dele – um pouco embriagado e como \r\nde costume, subiu para a laje dormir”, disse o investigador.</span>\r\n<span>A polícia <a rel="nofollow" target="">informou</a>,\r\n ainda, que há hipótese que uma segunda pessoa tenha entrado na casa e \r\ncometido o homicídio. “Eles alegaram que nada foi levado da vítima. E \r\ndisseram que haviam dois cachorros no pátio da casa que não latiram \r\ndurante a ocorrência do crime. Mas se o <a rel="nofollow" target="">fato</a> ocorreu, outra pessoa pode ter entrado na casa, sem causar estranheza aos animais”, explicou o investigador.</span>\r\nAs imagens da câmera de segurança de estabelecimentos próximos ao \r\nlocal onde ocorreu o crime serão solicitadas para ajudar nas \r\ninvestigações. Todos os familiares da vítima foram notificados a prestar\r\n depoimento à DEHS. Até o fechamento desta edição, nenhum suspeito do \r\ncrime havia sido identificado.\r\nPor Thaís Gama<br><br>', '', 'Carteiro.png', 'Carteiro é encontrado degolado, no Zumbi, Zona Leste', '1', '', '', 'Notícia', 1, 1, 2, 0),
(28, 13, '23-10-2015', 'emTempo', 'Foragido desde de 2013, Pizzolato está de volta ao Brasil', '<span>O ex-diretor do Banco do Brasil, Henrique Pizzolato, acaba\r\n de chegar em Brasília, onde vai começar a cumprir pena com mais de dois\r\n anos de atraso. A aeronave cinza da Polícia Federal pousou no <a rel="nofollow" target="">Aeroporto Internacional</a>\r\n da capital às 8h46. Vestindo um agasalho claro e uma calça de moleton, \r\nPizzolato desceu da aeronave escoltado por agentes da PF. Ele foi \r\ncondenado na Ação Penal 470, o processo do mensalão, por peculato e \r\nlavagem de dinheiro, mas fugiu para a Itália em setembro de 2013, antes \r\ndo fim do julgamento, com um passaporte falso.\r\n \r\n</span><div>\r\n\r\n \r\n\r\n\r\n</div>\r\n\r\n<span>Na capital federal, ele será encaminhado ao Instituto \r\nMédico-Legal, onde fará exame de corpo de delito. Um comboio da Polícia \r\nFederal, com três viaturas descaracterizadas, vai leva-lo durante os \r\ndeslocamentos em Brasília. Ele será escoltado para o IML, na sede da \r\nPolícia Civil, em um dos <a rel="nofollow" target="">automóvel</a> blindado.</span>\r\nDe lá, ele segue para o Complexo Penitenciário da Papuda para acertar\r\n as contas com a justiça brasileira. Na mesma penitenciária, foram \r\nencarcerados outros condenados da Ação Penal 470, como o ex-ministro da \r\nCasa Civil, José Dirceu, o ex-tesoureiro do PT, Delúbio Soares, e o \r\nex-deputado federal pelo PT, José Genoíno.\r\n<span>Pelo menos doze agentes da PF, incluindo um \r\nmédico e um delegado, acompanharão o trajeto do condenado em Brasília. \r\nNo início da manhã, Henrique Pizzolato desembarcou em voo <a rel="nofollow" target="">comercial</a> no Aeroporto Internacional de Guarulhos, <a rel="nofollow" target="">em São Paulo</a>.</span>\r\nA chegada ao Brasil do ex-diretor de Marketing do Banco do Brasil \r\nencerra um capítulo na história da fuga de um dos condenados no processo\r\n do mensalão, que envolveu também vários recursos judiciais e tentativas\r\n do governo brasileiro de trazê-lo de volta ao Brasil.\r\n<span>Pizzolato foi condenado pelo Supremo Tribunal Federal \r\n(STF) a 12 anos e sete meses de prisão por corrupção passiva, lavagem de\r\n dinheiro e peculato, mas, por ter dupla cidadania, fugiu para a Itália \r\nem 2013, com um passaporte falso em nome de um <a rel="nofollow" target="">irmão</a>\r\n morto. O ex-diretor foi o único dos condenados que fugiu. Ele foi preso\r\n em fevereiro do ano passado em Maranello, na Itália, após ter o nome \r\nincluído na lista de procurados internacionais da Interpol.</span>\r\nPor Agência Brasil<br><br>', '', 'Pizzolato.jpg', 'Foragido desde de 2013, Pizzolato está de volta ao Brasil', '1', '', '', 'Notícia,pizzolato,foragido', 1, 1, 2, 0),
(29, 13, '23-10-2015', 'emTempo', 'Rebeca Garcia é nomeada para assumir a Suframa', '<span>A ex-deputada Rebeca Garcia foi indicada para assumir a \r\nsuperintendência da Zona Franca de Manaus (Suframa), nesta quinta-feira \r\n(22), e aguarda apenas a assinatura da presidente Dilma Rouseff para \r\nefetivar a nomeação.<br>\r\n \r\n</span><div>\r\n\r\n \r\n\r\n\r\n</div>\r\nA informação foi confirmada, em nota, pelo Ministério do \r\nDesenvolvimento, Indústria e Comércio Exterior (MDIC).&nbsp; A assinatura \r\ndeve acontecer ainda nesta quinta e será publicada amanhã (23), no \r\nDiário Oficial da União (DOU).\r\n<span>Rebeca disse que nos últimos dias não vinha recebendo ligações de Brasília, mas nesta quinta-feira (22) foi <a rel="nofollow" target="">informada</a>\r\n pelo ministro-chefe da Secretaria de Governo do Brasil, Ricardo \r\nBerzoini, de que seu nome foi o escolhido para assumir a autarquia. A \r\nex-deputada falou que prefere manter a cautela e aguardar a publicação.</span>\r\nPor Joandres Xavier<br><br>', '', 'Rebeca.jpg', 'Rebeca Garcia é nomeada para assumir a Suframa', '2', '', '', 'Notícia,Rebeca Garcia,Suframa', 1, 1, 2, 0),
(30, 50, '23-10-2015', 'd24am.com', 'Trio com 60 quilos de drogas é preso em tocantins', 'Wendes Falcão de Menezes, 29, e o casal Jennifer Dayana Davi Gomes \r\ndos Santos, 18 anos, e Cassiano Cooper Gomes, 20, foram por volta das \r\n19h desta quinta-feira (22), no município de Tonantins (a 865 \r\nquilômetros de Manaus), com 60 quilos de drogas.\r\n \r\n<div>\r\n\r\n \r\n\r\n\r\n</div>\r\n\r\nDe acordo com o delegado titular do Distrito Integrado de Polícia \r\n(DIP) do município, Ericson Tavares, a droga, que tinha como destino à \r\ncapital amazonense, estava dentro de uma lancha que era conduzida por \r\nWendes.\r\n<span>A polícia chegou ao trio após uma denúncia anônima feita a Polícia Militar do município, <a rel="nofollow" target="">informando</a>  que três pessoas estavam com uma grande quantidade de droga no porto da <a rel="nofollow" target="">cidade</a>.<br>\r\nOs policiais foram até ao local, onde foram <a rel="nofollow" target="">informados</a>\r\n que o casal tinha saído há poucos minutos em uma lancha. A equipe \r\nfluvial fez o cerco e conseguiu interceptar os suspeitos. Com eles foram\r\n aprendidos 60 quilos de drogas, entre cocaína e maconha.</span>\r\nSegundo o delegado, as investigações continuam, pois, provavelmente, o\r\n casal não é o dono do entorpecente. “As investigações apontam que eles \r\nsimplesmente levariam a droga para a capital, precisamos chegar aos \r\ndonos da mercadoria”, concluiu Tavares.\r\nO trio foi conduzido à sede da delegacia, onde os envolvidos foram \r\nautuados por tráfico de drogas e associação criminosa. Eles ficarão na \r\ncarceragem à disposição da Justiça.\r\nPor Mara Magalhães<br><br>', '', 'trio.png', 'Trio é preso em Tonantins com 60 quilos de drogas que tinham como destino a capital', '2', '', '', 'Notícia,drogas,tocantins,60kg', 1, 1, 2, 0);
INSERT INTO `noticia` (`noticia_id`, `sub_editoriais_id`, `data_noticia`, `fonte`, `titulo`, `texto`, `texto_detalhe`, `img`, `legenda`, `posicao_img`, `video`, `legenda_video`, `tags`, `destaque_banner`, `publicar`, `usuario_id`, `cliks`) VALUES
(31, 45, '23-10-2015', 'ge.com', 'Tabloide diz que Messi pode "mudar de ares" e ir para a Inglaterra em 2017', 'Os jornais ingleses “The Sun” e “Daily Mirror” trazem nesta sexta-feira a notícia de que Lionel <a rel="" target="" href="http://globoesporte.globo.com/atleta/messi.html">Messi</a> pode, sim, deixar o <a rel="" target="" href="http://globoesporte.globo.com/equipe/futebol/futebol-internacional/futebol-espanhol/barcelona.html">Barcelona</a>.\r\n Esta grande bomba no mundo do futebol aconteceria em 2017, um ano antes\r\n do fim do contrato entre o clube catalão e o craque argentino. Sua \r\ncláusula de rescisão está avaliada em € 250 milhões (R$ 1,08 bilhão na \r\ncotação atual).<br><br>Segundo a reportagem, <a rel="" target="" href="http://globoesporte.globo.com/equipe/futebol/futebol-internacional/futebol-ingles/manchester-united.html">Manchester United</a>, <a rel="" target="" href="http://globoesporte.globo.com/equipe/futebol/futebol-internacional/futebol-ingles/manchester-city.html">Manchester City</a> e <a rel="" target="" href="http://globoesporte.globo.com/equipe/futebol/futebol-internacional/futebol-ingles/chelsea.html">Chelsea</a>\r\n já conversaram com o entorno do camisa 10 e deixaram claro suas \r\nintenções nas últimas duas semanas, período em que dedicou à recuperação\r\n de uma lesão no joelho. Messi está há 14 anos no Barcelona e já \r\nmanifestou em mais de uma oportunidade o desejo de seguir a carreira na \r\nEspanha.<br><br>Ainda de acordo com a publicação, Messi estaria disposto\r\n a mudar de ideia por conta dos problemas com a Fazenda Espanhola e a \r\nperseguição que vem sofrendo. No início do mês, autoridades pediram \r\nquase dois anos de prisão para o argentino por fraude fiscal.<br><br>', '', 'Messi.jpg', 'Tabloide diz que Messi pode mudar de ares e ir para a Inglaterra em 2017', '1', '', '', 'Notícia,Messi', 1, 1, 2, 0),
(32, 50, '24-10-2015', 'emTempo', 'Corpo é encontrado enterrado, no Tarumã', 'O corpo de um homem ainda não identificado foi encontrado com pelo \r\nmenos dez golpes de faca. A vítima estava enrolada em um lençol, no \r\nramal da Piçarreira, bairro Tarumã, Zona Oeste, por volta das 12h30 \r\ndesta sexta-feira (23). Os golpes atingiram a cabeça, o braço esquerdo e\r\n a coxa esquerda da vítima.\r\n \r\n<div>\r\n\r\n \r\n\r\n\r\n</div>\r\n\r\nDe acordo com a Polícia Civil, o homem aparenta ter entre 50 e 60 \r\nanos, 1,75 metro de altura, cor branca e cabelo loiro. O corpo foi \r\nencontrado pelo engenheiro florestal Gustavo Naressi de Azeredo, 34, em \r\num terreno onde funciona o viveiro ‘Mata Tropical’.\r\nO engenheiro contou que o lugar não tem eletricidade e &nbsp;nem água, \r\nmas, uma vez por ano alguém vai até o local para fazer limpeza. De \r\nacordo com a testemunha, Gustavo&nbsp; mexia na &nbsp;terra, quando percebeu um \r\nbanco de areia embaixo de uma &nbsp;estrutura. Nesse momento, acabou vendo o \r\njoelho &nbsp;da vítima e chamou a&nbsp; polícia.\r\n<span>Alguns moradores disseram que o corpo poderia ser de um \r\ndos vendedores de fruta que ficavam na entrada dos ramais das \r\nproximidades. A reportagem foi até o local <a rel="nofollow" target="">informado</a>, mas nenhum popular reconheceu a vítima.</span>\r\nA testemunhas disse que já é a quarta vez que cortam &nbsp;os arames da \r\nentrada, além de fazerem buracos na terra. O lugar não é muito grande, \r\nmas não tem segurança, o que pode ter favorecido a ocorrência.\r\nAté o momento desta postagem, nenhum suspeito havia sido localizado.&nbsp;\r\n A Delegacia Especializada em Homicídios e Sequestros (DESH) vai \r\ninvestigar o caso.\r\nPor Joandres Xavier<br><br>', '', 'Corpo.png', 'Corpo de homem é encontrado enterrado, no Tarumã', '2', '', '', 'Notícia,facadas,tarumã', 1, 1, 2, 0),
(33, 50, '23-10-2015', 'emTempo', 'Menina de três anos é espancada por ex-companheira da mãe', '<span>A doméstica Jéssica Karoline da Silva Vieira, 24, foi presa na manhã \r\ndesta sexta-feira (23), suspeita de ter espancado a enteada, uma criança\r\n de 3 anos de idade. O crime ocorreu na residência da família localizada\r\n na rua Ginseng, bairro monte das Oliveiras, Zona Norte.&nbsp; A menina foi \r\ninternada com hematomas, corte no rosto e traumatismo craneano.<br>\r\n \r\n</span><div>\r\n\r\n \r\n\r\n\r\n</div>\r\n<br>\r\nJéssica mantinha uma relação conjugal com a mãe da criança, há \r\naproximadamente um ano e cinco meses. A titular da Delegacia \r\nEspecializada em Proteção à Criança e ao Adolescente (DEPCA), Juliana \r\nTuma, contou que Jéssica nega, mas as evidencias são robustas e a \r\nmaterialidade é contundente, com todas as provas apontando para a \r\nautoria da doméstica.\r\n<span>“Na noite do fato, ouviram pancadas muito fortes vindo da \r\nparede do quartinho onde elas moravam, como se estivessem agredindo \r\nalguém. Depois desse episódio, a criança saiu para ir ao hospital. As \r\nagressões ocorreram, provavelmente no dia 8. Os episódios eram \r\nreiterados de agressão.&nbsp; A criança deu entrada no hospital no dia 11. \r\nEssa última agressão brutal que culminou na internação foi <a rel="nofollow" target="">informada</a> pela mãe no dia 12”, disse a delegada.</span>\r\nAs investigações mostram que ocorreram várias agressões.&nbsp; De acordo \r\ncom o laudo médico da criança, o estado de saúde da vítima é gravíssimo,\r\n diagnosticada com traumatismo craneano.\r\n<span>A mãe, identificada apenas como Karen, 21, também dona de casa, relatou que não estava <a rel="nofollow" target="">em casa</a>\r\n e que deixou a criança sobre os cuidados de Jéssica. A polícia \r\ninvestiga uma possível omissão da mãe, mas até o momento, os indícios \r\nnão apontam que ela estivesse no local no dia da agressão. Se ficar \r\nconfirmado a omissão da mãe no caso, ela responderá pelo crime.</span>\r\n<span>Tuma <a rel="nofollow" target="">informou</a>\r\n ainda que nessa quinta-feira (22), a criança ainda estava internada em \r\nestado grave e inconsciente, apresentando fratura na cabeça e corte \r\ninflamado na face.&nbsp; Segundo relatos de testemunhas, as agressões \r\naconteciam com chute. “ A agressora arremessava a criança contra a \r\nparede”.</span>\r\nEm sua defesa, Jéssica disse que não ficava com a menina e não fez \r\nnada com a criança. Quando o casal brigava, Jessica contou que Karen ia \r\nembora atrás da família, mas era expulsa e voltava para casa de \r\nJéssica.&nbsp; “Ela batia na filha dela e eu batia nos meus. Às vezes, apenas\r\n pegava sandalinha e batia na mãozinha dela.&nbsp; Karen me acusa porque \r\nterminei o relacionamento e a família dela também me acusa, mas porque \r\nnunca gostaram de mim. Terminei&nbsp; porque não deu mais certo e, nesse \r\nmomento minha, consciência está limpa,” disse a mulher.\r\nEsse não é o primeiro episódio de violência protagonizado por \r\nJéssica, que também agredia a própria companheira Karen, mãe da criança,\r\n além do próprio filho, segundo a delegada Tuma.\r\n<span>Jéssica foi indiciada por homicídio tentado <a rel="nofollow" target="">qualificado</a>\r\n  e crime de tortura. Ela foi encaminhada ao Centro de Detenção \r\nProvisória Feminino (CDPF), no quilômetro 8 da BR-174.Se a criança vier a\r\n óbito, Jéssica não irá mais <a rel="nofollow" target="">responder</a> pela forma tentada do ato e sim consumada.</span>\r\nPor Joandres Xavier<br><br>', '', 'mulher.png', 'Menina de três anos é espancada por ex-companheira da mãe; estado de saúde é grave', '2', '', '', 'Notícia,criança,agressão', 1, 1, 2, 0),
(35, 44, '29-10-2015', 'd24am.com', 'Aline e Fernando aparecem se beijando nas redes sociais', 'Rio de Janeiro - No último sábado, Fernando \r\nMedeiros, usou a sua conta no Instagram para se declarar a Aline \r\nGotschalg, confirmando os rumores de que o casal havia reatado.Na legenda da foto, o ex-bbb afirma que não estava enganado quando viveu um affair com a loira dentro do reality."Coração\r\n batendo forte quase saindo de dentro do peito e um suspiro profundo. \r\nEssa foi a sensação q tive no primeiro olhar, na primeira conversa e é a\r\n sensação q estou sentindo nesse momento. Reconhecer e perdoar são \r\n"poderes" divinos e isso só nos fortalece. Agradeço por ser essa mulher!\r\n Menina-mulher! Hoje temos certeza q não estávamos enganados... Nosso \r\nolhares e sorrisos diziam isso p gente. @alinegoficial, minha \r\nprincesa... Vc é incrível."Aline também usou a mesma rede social para postar uma foto do casal em um iate.RomanceAline\r\n e Fernando tiveram um namoro logo no início do programa, mas o \r\nrelacionamento foi interrompido após a eliminação de Aline. Algumas \r\nsemanas depois, Fernando e Amanda começaram a ficar.Desde que \r\nterminou o programa, Aline e Fernando já ensaiavam uma reconciliação \r\napesar da loira ter declarado diversas vezes que não perdoaria o \r\nprodutor cultural.<br>', '', '103013_697x437_crop_55477a305878a.jpg', 'Foto: Reprodução/Instagram', '2', '', '', 'Notícia', 1, 1, 2, 0),
(36, 41, '29-10-2015', 'd24am.com', 'Peça "Chuva Constante", com Malvino Salvador, será encenada no Teatro Amazonas', 'Manaus - O espetáculo "Chuva Constante", com Malvino Salvador e \r\nAugusto Zacchi, chega a Manaus, para curta temporada no Teatro Amazonas.\r\n As apresentações acontecem nos dias 20 e 21 de novembro, sessões às 20h\r\n e no dia 22 de novembro, às 19h. Os ingressos já estão sendo vendidos, \r\nna bilheteria do Teatro Amazonas.Dirigido por Paulo de Moraes, a \r\npeça conta com o texto de Keith Huff, autor conhecido por escrever \r\nséries de sucesso como ‘House of Cards’ e "Mad Men". A peça traz a\r\n história de dois amigos de infância que buscam a felicidade e a \r\nsuperação. Em monólogos que se cruzam, garantindo a comunicação entre o \r\npalco e a plateia.<span> "Chuva Constante" já esteve cartaz no Rio e São Paulo, onde recebeu elogios da crítica.<br><br>Sinopse </span>Dois\r\n policiais, companheiros e velhos conhecidos, se veem envolvidos em uma \r\nsérie de acontecimentos que afetará suas vidas para sempre. Não só a \r\namizade é posta à prova, como também, a escala de valores, a honra e a \r\nlealdade. Eles dão sua definição particular do que é a família, assim \r\ncomo as questionáveis decisões que tomam em nome dela. Mas a lembrança \r\nde cada um sobre o que realmente aconteceu naqueles poucos dias, em que \r\numa chuva constante não parou de cair, não é necessariamente igual para \r\nos dois.<span>Serviço <br><br>O que: Chuva Constante<br>Local: Teatro Amazonas<br>Horário: 20/11 (sexta-feira) e 21/11 (sábado), sessões às 20h e 22/11 (domingo), em sessão às 19h.<br>Ingressos: Frisa, Plateia, 1º e 2º Pavimentos - R$ 80,00 (inteira) e R$ 40,00 (meia); 3º Pavimento R$ 40,00 (inteira) e R$ 20,00 (meia)</span><br>', '', '109950_697x437_crop_563268404edac.jpg', 'Malvino Salvador e Augusto Zacchi fazem parte da peça. Foto: Divulgação', '2', '', '', 'Notícia', 1, 1, 2, 0),
(37, 44, '29-10-2015', 'd24am.com', 'Mauricio de Sousa chega aos 80 anos mantém inovação e criatividade em alta', 'Manaus - Pai de Mônica, Cebolinha, Cascão, Magali e \r\nmuitos outros personagens clássicos das histórias em quadrinhos \r\nnacionais, Mauricio de Sousa, completa, nesta terça-feira 80 anos — dos \r\nquais, 55 foram inteiramente dedicados à nona arte.&nbsp; &nbsp;Nascido em \r\n1935, no interior de São Paulo, o criador da "Turma da Mônica" chega ao \r\nseu octogésimo aniversário cheio de disposição e criatividade para \r\nsempre levar novidades ao público que admira seus personagens.Para\r\n o pupilo e funcionário de Mauricio, o artista amazonense Rogério "Romahs" Mascarenhas — que, há quatro anos, trabalha como um dos \r\nroteiristas dos gibis da "Turma da Mônica" —, o aniversariante é um \r\nexemplo de pessoa, de quadrinista e de empresário.“O Mauricio de \r\nSousa tem uma visão diferenciada do negócio. Ele é um incrível \r\ncartunista e empresário e que, até hoje, diferente de outros artistas, \r\nmantém total controle sobre sua criação”, conta Romahs.O \r\nroteirista ressaltou, ainda, o caráter paternal de Mauricio. “Da última \r\nvez que fui a São Paulo, fiquei no sítio dele e almoçamos juntos. É \r\nincrível perceber como ele trata bem todos os seus funcionários, a gente\r\n se sente como em uma grande família”, disse ele.Romahs revelou, \r\ntambém, que, apesar disso, o pai da Mônica é muito exigente com o \r\nmaterial apresentado. “Como ele trata seus personagens como filhos, ele é\r\n muito exigente. Todos os roteiros que escrevemos passam por seu crivo, \r\nantes de irem para o estúdio. Mas, o mais legal disso tudo é que ele nos\r\n liga para elogiar quando gosta muito da história, ou para dar conselhos\r\n quando acha que não estamos indo bem”, comentou o amazonense.Primeiro\r\n autor do segmento dos quadrinhos a ingressar em uma academia de letras,\r\n Mauricio de Sousa, que é considerado escritor para crianças pelo Fundo \r\ndas Nações Unidas para a Infância (Unicef), fez e continua a fazer \r\nhistória no universo literário. Prova disso é sua participação destacada\r\n nas Bienais do Livros.“Quando o conheci em uma Bienal, ele \r\nparecia um Beatle. As pessoas gritavam, se batiam, se empurravam para \r\nvê-lo mais de perto. Foi incrível”, lembrou Romahs.Neste ano, \r\nMauricio foi o grande homenageado da 17ª edição da Bienal do Livro Rio, \r\nque contou com diversas atividades relacionadas ao desenhista, na \r\nprogramação.<br>', '', '109855_697x437_crop_562ecdd0430f3.jpg', 'Neste ano, Mauricio foi o grande homenageado da 17ª edição da Bienal do Livro Rio. Foto: Divulgação', '2', '', '', 'Notícia', 1, 1, 2, 0),
(38, 27, '29-10-2015', 'd24am.com', 'Emoção marca apresentação da nova "Escolinha do Professor Raimundo"', 'As gravações do especial Escolinha do Professor Raimundo terminaram \r\nna tarde de quarta-feira, 28, com o elenco muito emocionado. O ator \r\nBruno Mazzeo assumiu o lugar do pai, Chico Anysio, como o mestre que se \r\nqueixa que "o salário, ó", mas que não desiste do ofício.Perfeito\r\n ao repetir os trejeitos do pai com a caracterização que o deixou ainda \r\nmais parecido com Chico, Bruno foi modesto. "Ele teria apontado uns oito\r\n defeitos. Era o personagem menos engraçado, mas o que ele mais gostava \r\nde fazer", afirmou.Bruno foi dos poucos a segurar as lágrimas. \r\n"Estou tão anestesiado que não chorei." Fabiana Karla, que faz a Cacilda\r\n que foi de Cláudia Gimenez, chorou tanto que no fim soltou: "Fiquei a \r\ncara do Fofão, fazendo rir os colegas de elenco". A caracterização\r\n dos atores chama atenção. Mateus Solano como Zé Bonitinho, Dani \r\nCalabresa, irreconhecível, como Catifunda, e Marcos Caruso como Seu \r\nPeru. Lúcio Mauro Filho faz homenagem ao pai Lúcio Mauro com o \r\npersonagem Aldemar Vigário.Os roteiristas finais Daniel Adjafre e\r\n Pericles Barros tiveram de manter o tom dos programas originais, mas \r\nnuma linguagem mais atual. A personagem Tati, agora de Fernanda Souza, \r\nsolta um "hashtag partiu fazer arte", ao responder sobre a Semana de \r\nArte Moderna de 22. O remake da Escolinha do Professor Raimundo, \r\ndirigido por Cininha de Paula, é uma coprodução da Globo com o Canal \r\nViva. Foram gravados sete episódios. Os cinco primeiros vão ao ar no \r\ncanal de TV paga, a partir de 23 de novembro. Na Globo, os programas \r\npassarão aos domingos a partir de dezembro.&nbsp; Fazem parte do elenco \r\nÂngelo Antônio (Joselino Barbacena), Betty Gofman (Dona Bela), Ellen \r\nRoche (Capitu), Evandro Mesquita (Armando Volta), Fernanda de Freitas \r\n(Marina da Glória), Kiko Mascarenhas (Galeão Cumbica), Marcelo Adnet \r\n(Rolando Lero), Marcius Melhem (Seu Boneco), Marco Ricca ( Pedro \r\nPedreira), Maria Clara Gueiros ( Cândida), Otaviano Costa (Ptolomeu), \r\nOtávio Müller (Baltazar Rocha) e Rodrigo SantAnna (Batista).<br>', '', '109952_697x437_crop_56327263c6e3b.jpg', 'Foto: Divulgação', '2', '', '', 'Notícia', 1, 1, 2, 0),
(39, 29, '29-10-2015', 'd24am.com', 'Jared Leto estampa capa de revista com visual de Coringa', 'A nova edição da revista Empire traz Jared Leto na capa, caracterizado \r\ncomo o Coringa em Esquadrão Suicida. O ator, que usa um moletom de \r\npresidiário do Arkham, falou um pouco mais sobre seu personagem.&nbsp;<br><br>"Houve\r\n um período de desapego. Eu mergulhei profundamente. Foi uma \r\noportunidade única e não poderia me imaginar fazer isso sem ser desse \r\njeito. Foi divertido, fazer aqueles jogos psicológicos. Porém, muito \r\ndoloroso, como dar à luz fora à minha faceta mais babaca", destacou.<br><br>O\r\n longa Esquadrão Suicida conta a história de uma equipe formada pelo \r\ngoverno com supervilões dos quadrinhos da DC. O filme tem estreia \r\nprevista no Brasil só para 4 de agosto de 2016.<br>', '', '109843_697x437_crop_562e980aa8196.jpg', 'Foi uma oportunidade única e não poderia me imaginar fazer isso  Foto: Divulgação', '2', '', '', 'Notícia', 1, 1, 2, 0),
(40, 29, '29-10-2015', 'd24am.com', 'Retorno do "Cine & Vídeo Tarumã" traz filmes de diretoras', 'Manaus - De volta à atividade, o projeto Cine &amp; \r\nVídeo Tarumã, da Universidade Federal do Amazonas (Ufam), recomeça, \r\nnesta semana, com três filmes realizados por mulheres cineastas e que \r\nalcançaram sucesso de crítica.<br><br>São produções da França, Inglaterra\r\n e Bósnia, que demonstram a sensibilidade do olhar feminino, seja sobre a\r\n dura realidade de um país pós-guerra ou sobre a linha tênue entre o \r\ncerto e o errado dos padrões de comportamento impostos pela sociedade \r\nocidental.Hoje, será exibido o francês "A Garota de Mônaco" \r\n(2008), da diretora Anne Fontaine — natural de Luxemburgo. Na trama, \r\nBertrand (Fabrice Luchini) é um famoso advogado que chega a Mônaco e \r\npassa a ser protegido pelo guarda-costas Christophe (Roschdy Zem) para \r\ndefender uma criminosa. No paradisíaco principado, ele conhece Audrey \r\n(Louise Bourgoin), garota do tempo em uma emissora de TV. Fascinado pela\r\n beleza dela, Bertrand ignora os conselhos de Christophe e não se dá \r\nconta das consequências que a presença da garota pode ter em sua vida.&nbsp;Na\r\n quarta-feira (28), será apresentado o filme "Educação" (2009), da \r\ndiretora dinamarquesa Lone Scherfig. Jenny (Carey Mulligan) é uma \r\ncolegial de 16 anos, que vive com a família no subúrbio de Londres, em \r\n1961. Inteligente e bela, ela sofre com o tédio de seus dias de \r\nadolescente e aguarda, impacientemente, a chegada da vida adulta. Quando\r\n conhece David (Peter Sarsgaard), um charmoso homem, cosmopolita de 30 e\r\n poucos anos, ela se vê atraída por um mundo de glamour e luxo e em um \r\ndilema entre a educação formal e o aprendizado da vida. <br><br>O filme ainda \r\ntem no elenco Alfred Molina e Emma Thompson, e recebeu 41 prêmios em \r\ndiversos festivais internacionais, além de ter sido indicado a três \r\nprêmios no Oscar de 2010.Para a sexta-feira (30), o filme que \r\nfecha a programação é o inédito "Em Segredo" (2006), da diretora bósnia \r\nJasmila Zbanic. No drama, que se passa na cidade de Sarajevo, uma mãe \r\nsolteira, Esma (Mirjana Karanovic), e sua filha adolescente, Sara (Luna \r\nMijovic) — que pensa que seu pai é um herói de guerra desaparecido —, \r\nentram em conflito quando surge uma excursão da escola e é solicitado um\r\n documento do pai. Então, a mãe tem que decidir se conta a verdade sobre\r\n seu passado. O filme ganhou o Urso de Ouro, Prêmio Ecumênico do Júri e o\r\n Prêmio da Paz, todos no Festival de Cinema de Berlim de 2006.&nbsp;Atividade\r\n de extensão do Departamento de Comunicação Social da Ufam, o projeto \r\nCine &amp; Vídeo Tarumã tem sessões sempre às 12h30, no Auditório Rio \r\nNegro, do Instituto de Ciências Humanas e Letras(ICHL / Setor Norte do \r\nCampus Universitário), com apoio cultural da locadora de vídeos Take \r\nVídeo Locadora. O acesso é gratuito.<br>', '', '109821_697x437_crop_562d703d322c8.jpg', 'Foto: Divulgação', '3', '', '', 'Notícia', 1, 1, 2, 0),
(41, 35, '29-10-2015', 'd24am.com', 'Gata "estilosa" participa de concurso de fantasia animal nos EUA', 'A gata sphinxs Mea Ling ganhou uma fantasia curiosa nesta quarta-feira \r\n(28), em uma festa de fantasia para animais em Key West, no estado \r\namericano da Flórida.\r\n\r\n	Mea Ling era uma das 50 participantes da competição, que vai até 1º de novembro.\r\n\r\n	Nesta quinta (29), comemora-se o Dia do Gato nos EUA.<br>', '', 'gato1.png', 'A gata sphinxs Mea Ling (Foto: Rob ONeal/Florida Keys News Bureau via AP)', '2', '', '', 'Notícia', 1, 1, 2, 0),
(42, 35, '29-10-2015', 'G1.com', 'Xangai bate recorde com 511 pessoas abrindo massa de pizza', 'Um grupo de pizzaiolos bateu nesta quarta-feira (28) o recorde bizarro \r\nde "mais gente abrindo massa de pizza", no hotel Pudong Shangri-La, em \r\nXangai, na China, segundo a imprensa local.\r\n\r\n	Um total de 511 pessoas participou. O recorde deve entrar para o Livro Guinness.<br>', '', 'pizza2.png', 'Xangai bate recorde com 511 pessoas abrindo massa de pizza (Foto: Reuters)', '2', '', '', 'Notícia', 1, 1, 2, 0),
(43, 13, '29-10-2015', 'EMTEMPO', 'Aplicativo feito na UEA facilita comunicação para deficientes auditivos no Estado', 'Um aplicativo de celular e uma braçadeira que capta movimentos \r\nmusculares estão facilitando a comunicação de pessoas com deficiência \r\nauditiva no Amazonas. Na manhã desta quinta-feira (29), o governador \r\nJosé Melo fez a entrega oficial dos primeiros kits do equipamento, que \r\nvão contemplar 100 pessoas surdas do cadastro da Secretaria de Estado da\r\n Pessoa com Deficiência (Seped).\r\n \r\n<div>\r\n\r\n \r\n\r\n\r\n</div>\r\n\r\nA nova tecnologia, que é baseada em inteligência artificial e \r\npossibilita a comunicação entre surdos e pessoas que não sabem a Língua \r\nBrasileira de Sinais (Libras), foi desenvolvida pela Universidade do \r\nEstado do Amazonas (UEA) no projeto ‘Giullia – Mãos que Falam’, e começa\r\n a chegar aos primeiros beneficiados.\r\nO cadastro de pessoas surdas ainda continua disponível na Seped. A \r\nexpectativa é que o número de beneficiados seja ampliado e, em uma \r\npróxima fase, a proposta é levar para escolas especializadas no \r\natendimento de crianças surdas.\r\n<span>Os primeiros <a rel="nofollow" target="">aparelhos</a>  foram viabilizados pelo governo do Estado através do apoio da empresa Recofarma, no <a rel="nofollow" target="">valor</a> de R$ 800 mil. De acordo com o governador, outras fábricas estão sendo procuradas para participar.</span>\r\n“É um equipamento fantástico e queremos que empresas abracem a ideia e\r\n produzam. É um projeto que nos dá muito orgulho”, frisou Melo.\r\n<span>O governador destacou a colaboração das empresas do Polo \r\nIndustrial de Manaus no apoio aos projetos da Universidade. Atualmente, \r\ncom <a rel="nofollow" target="">financiamento</a> de seis fábricas, 12 projetos de pesquisa são tocados na UEA.</span>\r\n<span>O projeto Giullia foi idealizado pelo professor da UEA, Manuel Cardoso, e consiste no <a rel="nofollow" target="">desenvolvimento</a> de uma braçadeira com sensor que traduz em som o significado de movimentos de quem está utilizando o <a rel="nofollow" target="">aparelho</a>.\r\n A braçadeira é posicionada logo abaixo do cotovelo, onde são captados \r\nos sinais biológicos dos músculos do antebraço e da mão. O sensor capta \r\nesses sinais e os transmite, via ‘bluetooth’, para um aparelho celular.</span>\r\n<span>De acordo com o pesquisador, a ideia é que, em breve, a tecnologia esteja disponível no <a rel="nofollow" target="">mercado</a> de consumo. As negociações com empresas fabricantes de celulares já começaram.<br>\r\n“Estamos buscando parceiros, um fabricante de celulares, com o qual a \r\ngente aportaria o uso da patente para que eles pudessem produzir em \r\nescalas maiores”.</span>\r\nInteressados em ser atendidos pelo projeto ainda podem fazer o \r\ncadastro na Seped. O registro é feito na sede da Secretaria, localizada \r\nna avenida Mário Ypiranga, no bairro Adrianópolis, Zona Centro-Sul. Na \r\nSeped, o atendimento é feito na Central de Intérprete de Libras, no \r\nhorário das 8h às 16h.\r\nCom informações da assessoria<br>', '', 'Aplicativo_deficiente_visual.jpg', 'Aplicativo feito na UEA facilita comunicação para deficientes auditivos no Estado', '2', '', '', 'Notícia,aplicativo,deficientes visuais', 1, 1, 3, 0),
(44, 48, '30-10-2015', 'd24am.com', 'Morgan Freeman procura respostas sobre religião em Jerusalém', 'Morgan Freeman pode ter representado Deus em filmes de Hollywood, mas \r\nchegou a Jerusalém com perguntas ainda não resolvidas sobre religião.\r\n<span>\r\n	"Estou principalmente interessado no porquê, em qual é o porquê disso",\r\n disse nesta quarta-feira (28) à Reuters o ator premiado com o Oscar, \r\ndurante uma pausa na filmagem de "A História de Deus", um documentário \r\nda National Geographic e da Highlight Films sobre fé e teologia.<br><br></span><br>\r\n	"Não encontrei nenhuma resposta ainda. Ainda estamos na produção", \r\ndisse ele na Igreja do Santo Sepulcro, do século 4, o local do \r\nsepultamento de Jesus Cristo, de acordo com a tradição cristã, e onde \r\nmuitos peregrinos pareciam também deslumbrados com a surpresa da visita \r\ndo astro do cinema.\r\n\r\n	Freeman, que interpretou Deus em "Todo Poderoso" e "A Volta do Todo \r\nPoderoso" e também é famoso por suas narrações comoventes de filmes, é a\r\n estrela e o produtor executivo do documentário, que deve ser lançado em\r\n abril. As locações incluem Israel, os territórios palestinos, Egito, \r\nGuatemala, Turquia e Índia.\r\n<br><br>O ator, de 78 anos, percorreu tranquilo as cavernas bíblicas de Qumran,\r\n na Cisjordânia. Nos becos de paralelepípedos da murada Cidade Velha de \r\nJerusalém, o chapéu panamá, óculos escuros e um grupo de guarda-costas \r\npouco fizeram para mantê-lo longe de moradores e turistas tirando \r\nselfies.\r\n\r\n	A emoção ofereceu algum alívio para a luta religiosa que despontou na \r\ncidade este mês em meio a protestos de palestinos contra a \r\nintensificação das visitas de israelenses ao complexo da mesquita de \r\nAl-Aqsa, um local também reverenciado pelos judeus como área de seus \r\ntemplos antigos.\r\n\r\n	Freeman se recusou a comentar sobre o conflito – uma alternativa, \r\ntalvez, depois de um vídeo que fez com outras figuras de Hollywood em \r\napoio ao acordo nuclear entre o Irã e potências mundiais, firmado em \r\njulho, e que Israel condenou como insuficientemente rigoroso.\r\n\r\n	"Não tenho uma mensagem para nenhum lado. Não, nós apenas estamos aqui fazendo um documentário", disse.<br>', '', 'mideast_egypt_morgan__fran.jpg', 'Morgan Freeman é recebido pelo ministro do turismo do Egito, Hisham Zaazou, em Cairo (Foto: AP Photo/Amr Nabil)', '2', '', '', 'Notícia', 1, 1, 2, 0),
(45, 35, '30-10-2015', 'G1.com', 'Tartaruga "comemora" Halloween nos EUA', '<span>\r\n	A tartaruga Grandma, que tem entre 130 e 140 anos, comemorou nesta \r\nsemana o Halloween com um café da manhã de abóbora no zoo de San Diego, na <a rel="" target="" href="http://g1.globo.com/pr/norte-noroeste/cidade/california.html">Califórnia</a>.</span>\r\n<span>\r\n	Grandma é natural do arquipélago de Galápagos, no <a rel="" target="" href="http://g1.globo.com/tudo-sobre/equador/">Equador</a>. O zoo de San Diego tem 13 exemplares.</span><br>', '', 'tartaruga.png', 'Tartaruga "comemora" Halloween nos EUA (Foto: REUTERS/Ken Bohn/San Diego Zoo)', '2', '', '', 'Notícia', 2, 1, 2, 0),
(46, 13, '30-10-2015', 'G1.com', 'Tribunal polonês rejeita extradição de Roman Polanski para os EUA', 'Um tribunal polonês rejeitou nesta sexta-feira (30), em Cracóvia, a \r\nextradição para os Estados Unidos do cineasta franco-polonês Roman \r\nPolanski, que foi condenado em 1977 por violentar uma jovem de 13 anos. \r\nAs informações são da agência Reuters.<br><br>\r\n	"A extradição é inadmissível", disse o juiz Dariusz Mazur. No entanto, \r\nesse veredicto não deverá ser imediatamente aplicado. A promotoria \r\npolonesa que representa a parte americana ainda pode recorrer em \r\napelação. Polanski decidiu não comparecer ao tribunal "por motivos \r\nemocionais", segundo seus advogados.\r\n<span>\r\n	<br><br>Os <a rel="" target="" href="http://g1.globo.com/pop-arte/cinema/noticia/2015/01/estados-unidos-solicitam-extradicao-do-diretor-roman-polanski-a-polonia.html">Estados Unidos solicitaram em janeiro a extradição do cineasta</a>\r\n de 82 anos. Diretor de filmes como "O pianista", "O bebê de Rosemary" e\r\n "Chinatown", Polanski foi acusado de violentar Samantha Geimer em 1977,\r\n quando ela tinha 13 anos, após uma sessão de fotos em Los Angeles. \r\nPolanski tinha 43 anos na época.</span>\r\n<span>\r\n	<br><br>Polanski se declarou culpado de assédio sexual contra a menor, embora \r\ntenha conseguido evitar ir a julgamento, após servir 42 dias de prisão \r\nnos EUA como parte de uma sentença de 90 dias que recebe em um acordo. \r\nEle saiu dos EUA no ano seguinte, acreditando que o juiz que cuidou do \r\ncaso poderia anular o acordo ou colocá-lo na prisão por anos.</span><br><br>', '', '2015-02-25t130220z_1391857476_lr2eb2p107mx9_rtrmadp_3_polanski-poland-hearing.jpg', 'Roman Polanski chega para depor em corte de Cracóvia, na Polônia, nesta quarta (25) (Foto: REUTERS/Kacper Pempel)', '2', '', '', 'Notícia', 2, 1, 2, 0),
(47, 27, '30-10-2015', 'd24am.com', 'Irmãos podem se encontrar na sexta temporada de "Game of Thrones"', '<b>Los Angeles</b> -&nbsp;Os rumores sobre a sexta temporada de \r\nGame of Thrones não param de surgir. Segundo informações do site \r\nWatchers on the Wall, os novo episódios da série podem marcar o \r\nreencontro de dois irmãos.&nbsp;<br><br>Sophie Turner, atriz que interpreta \r\nSansa Stark na produção, foi vista no set de filmagens, indicando um \r\npossível reencontro com seu irmão Jon Snow (Kit Harrington), com retorno\r\n praticamente garantido depois do seu trágico fim de temporada.<br><br>Ainda\r\n de acordo com o site, uma grande batalha também deve ocorrer, com \r\ngraves consequências. "A batalha terá perdas e daremos adeus a alguns \r\npersonagens. Ramsay Bolton vai exibir pelo menos dois corpos de cabeça \r\npara baixo em suas cruzes. Esses personagens são bem conhecidos", diz a \r\nnota.&nbsp;<br><br>Game of Thrones voltará ao ar no primeiro trimestre de 2016, em data a ser divulgada, na HBO, com episódios inéditos.<br>', '', '109958_697x437_crop_56328b3ee5e1b.jpg', 'Sophie Turner interpreta Sansa Stark em Game of Thrones. \r\nFoto: Divulgação', '1', '', '', 'Notícia', 1, 1, 2, 1),
(48, 27, '30-10-2015', 'd24am.com', 'Renata Lo Prete estreia no comando do Jornal da Globo na próxima segunda-feira', '<span><b>Manaus</b> - Conhecida do assinantes da Globo News, a \r\njornalista Renata Lo Prete estreia no comando do Jornal da Globo na \r\npróxima segunda-feira (2). Ela irá substituir o titular do telejornal, \r\nWilliam Waack, no dia do feriado de Finados.</span>Segundo o site \r\nNotícias da TV, do UOL, Lo Prete vai cobrir as folgas e férias de Waack \r\nna apresentação do Jornal da Globo. <br><br>A expectativa na emissora, ainda \r\nconforme o site, é que a jornalista consiga êxito na empreitada para \r\nalcançar voos ainda maiores na emissora aberta.Renata Lo Prete se\r\n destacou ao fazer a entrevista com o ex-deputado federal Roberto \r\nJefferson para a Folha de São Paulo, em 2005, que desencadeou o \r\nescândalo do Mensalão. Desde 2012, a jornalista está na Globo News, \r\nonde, atualmente, é a editora de política, comentarista e apresentadora \r\ndo Jornal das Dez.<br>', '', '109879_697x437_crop_562ff2abe5edc.jpg', 'Renata Lo Prete está no comando do Jornal das Dez. Foto: Divulgação', '1', '', '', 'Notícia', 2, 1, 2, 1),
(49, 50, '30-10-2015', 'G1', 'Travesti morre após ser atingido por golpe de faca no pescoço, em Manaus', 'Um travesti de 24 anos morreu após ser atingido por um golpe de faca no\r\n pescoço. O crime ocorreu por volta das 3h na rua 2, bairro Lírio do \r\nVale, Zona Oeste de Manaus. De acordo com as Polícias Civil e Militar, o\r\n crime teria sido cometido por outro travesti, preso logo após o \r\nocorrido.\r\n\r\n	Ao G1, o irmão de Tiffany Latifah - nascido como Tiago\r\n da Encarnação Farias - disse que ele estava bebendo em um bar com \r\namigos antes de ser morto.\r\n\r\n	"Teve um momento que ele saiu. Na rua, foi abordado por esse outro \r\ntravesti, com quem ele tinha uma rixa antiga", disse o industriário \r\nUheliton Farias.\r\n\r\n	De acordo com Uheliton, a vítima foi atingida no pescoço. O \r\nindustriário disse ainda que, após o crime, o suspeito foi ao bar, \r\ndizendo que Tiffany havia sido esfaqueada. “Os amigos dele desconfiaram,\r\n até que uma testemunha reconheceu [o suspeito]”, informou.\r\n\r\n	Populares acionaram uma viatura da Polícia Militar que passava pelo \r\nlocal. Os policiais prenderam o suspeito, que foi levado ao 19º Distrito\r\n Integrado de Polícia (DIP).\r\n\r\n	A vítima chegou a ser encaminhada ao Serviço de Pronto Atendimento \r\n(SPA) do bairro Alvorada, mas não resistiu aos ferimentos e morreu logo \r\napós chegar à unidade.<br>', '', 'Travesti.jpg', 'Travesti morre após ser atingido por golpe de faca no pescoço, em Manaus', '1', '', '', 'Notícia', 1, 1, 3, 0),
(50, 27, '30-10-2015', 'd24am.com', 'Band planeja ampliar número de participantes do MasterChef', '<span><b>Manaus </b>-&nbsp;Os bons índices alcançados pelo reality \r\nshow sobre gastronomia, MasterChef, levaram a Band a planejar mudanças \r\npara a temporada 2016. Previsto para começar em abril, a nova temporada \r\ndeve ter maior número de participantes e, consequentemente, mais \r\nprogramas. As informações são do colunista Daniel Castro, do site \r\nNotícias da TV.</span><br><br>Segundo o colunista, a Band está prestes a fechar \r\num contrato com a Endemol Shine, dona do formato do MasterChef, para a \r\nprodução de duas edições por ano do reality. Até 2018, pela proposta da \r\nemissora paulista, serão temporadas anuais de um programa dos adultos e \r\noutro de crianças. O novo acerto será por mais três anos, de acordo com \r\nCastro.<span><br><br>A Band alcançou 10 pontos de audiência com o último \r\nepisódio de MasterChef, enquanto a estreia da versão infantil estreou \r\ncom 6,1 pontos em São Paulo.</span><br>', '', '109692_697x437_crop_562ae32fef57e.jpg', '', '1', '', 'Masterchef 2015 teve episódio em Manaus. Foto: Reprodução', 'Notícia', 1, 1, 2, 0),
(51, 29, '30-10-2015', 'd24am.com', 'Mostra de Cinema Atual Espanhol acontece na próxima semana, em Manaus', '<span><b>Manaus </b>-&nbsp;Em \r\ncirculação pelo Brasil desde o mês de agosto, a Mostra de Cinema Atual \r\nEspanhol passará por Manaus na próxima semana, de segunda a sexta-feira \r\n(26 e 30). As sessões, sempre às 18h30, com entrada franca, são \r\npromovidas pelo governo do Estado, por meio da Secretaria de Estado de \r\nCultura (SEC), juntamente com a Embaixada da Espanha no Brasil, a \r\nSociedade Cultural Brasil-Espanha e o Instituto Cervantes.</span><br><br>O\r\n cinema espanhol, por conta da crise econômica de 2013, viu uma \r\noportunidade de aumentar a pluralidade de conteúdos, dando maior atenção\r\n às preferências do público. Dessa forma, os diretores espanhóis \r\npropuseram filmes originais e pessoais. Com isso, a mostra possui \r\numa seleção de cinco produções, com diversos gêneros, entre eles \r\ncomédia, drama, ficção e documentário, mostrando a realidade e os dramas\r\n pessoais vividos pelas personagens, invocando paixões, revelando \r\ntranstornos sociais, casualidades e outros assuntos.Longas \r\npremiados e aclamados pela crítica estarão no evento, a exemplo do filme "Viver é fácil com os olhos fechados", do diretor David Trueba, \r\nvencedor de seis prêmios Goya. <br><br>A comédia conta a história de um \r\nprofessor de gramática que usa músicas do The Beatles para ensinar \r\ninglês na Espanha, em 1966, e descobre que John Lennon vai visitar a \r\nprovíncia da Almería durante as gravações de um filme.Além dele, \r\nserão exibidos o drama "Stockholm", do diretor Rodrigo Sorogogyen; a \r\nficção "Pessoas em lugares", que teve a direção de Juan Cavestany; o \r\ndocumentário "A praga", do diretor Neús Ballús; e o longa "A ferida", \r\nque tem direção de Fernando Franco.As apresentações dos filmes serão no Teatro da Instalação (Rua Frei José dos Inocentes, s/n, Centro).<br>', '', '109616_697x437_crop_5628392df2d6a.jpg', '"Viver é fácil com os olhos fechados", de David Trueba, abrirá a mostra, na próxima segunda-feira (26). As sessões seguirão até sexta, sempre às 18h30, no Teatro da Instalação. Foto: Divulgação', '3', '', '', 'Notícia', 1, 1, 2, 0),
(52, 13, '30-10-2015', '', 'Bancos ganham estímulo para financiar mais de 80% do valor do imóvel', 'Os bancos brasileiros ganharam um incentivo para financiar mais de \r\n80% do valor do imóvel. Isso porque o Conselho Monetário Nacional (CMN) \r\naprovou, nesta quinta-feira, uma norma que reduz a "reserva" que o banco\r\n precisa ter para cada financiamento liberado, um instrumento conhecido \r\ncomo "requerimento de capital".\r\nAtualmente, nos empréstimos em que no ato da contratação há \r\nfinanciamento de até 80%, o banco precisa ter 35% do valor financiado \r\ncomo garantia - ou requerimento de capital. Quando o montante emprestado\r\n é superior a 80%, o requerimento de capital é de 75% a 100% por todo o \r\nperíodo do financiamento.\r\nCom a nova norma, o CMN permite que o requerimento de capital caia \r\npara 35% quando o saldo devedor for igual ou menor a 80% do valor do \r\nempréstimo no ato da contratação. De acordo com o Banco Central, a ideia\r\n é que o tratamento seja simétrico em casos em que a dívida é \r\nsemelhante.\r\nDe acordo com o BC, a mudança servirá como estímulo para os bancos \r\nampliarem o limite de financiamento imobiliário. As novas regras não \r\nresultam em alteração para a Caixa Econômica, que concentra 70% do \r\ncrédito imobiliário brasileiro. No fim de abril, o banco reduziu de 80% \r\npara 50% o teto de financiamento pelo Sistema Financeiro da Habitação.<br>', '', 'financiar_banco.jpeg', '', '1', '', '', 'Notícia,financiamento,casa', 1, 1, 3, 0),
(53, 13, '30-10-2015', 'veja.com', 'Datafolha 45% dos deputados apoiam renúncia de Cunha', '&nbsp;&nbsp;\r\n	Uma pesquisa do Instituto Datafolha realizada com 324 dos 513 deputados\r\n revela que 45% deles, quase a metade, defendem a renúncia do presidente\r\n da Câmara, Eduardo Cunha (PMDB-RJ). Ele é alvo de inquérito no Supremo \r\nTribunal Federal por suspeita de envolvimento no escândalo do petrolão e\r\n já foi denunciado pela Procuradoria-Geral da República.&nbsp;&nbsp; <br>&nbsp;&nbsp; O Ministério \r\nPúblico descobriu que ele manteve contas secretas na Suíça, o que o \r\npeemedebista negou à Comissão Parlamentar de Inquérito da Petrobras. \r\nCunha foi denunciado ao Conselho de Ética e Decoro Parlamentar da \r\nCâmara, mas rejeita deixar o cargo.\r\n\r\n	A pesquisa foi publicada pelo jornal Folha de S. Paulo nesta \r\nsexta-feira. Segundo o instituto, 25% dos entrevistados acham que \r\nEduardo Cunha deve permanecer no cargo, e 30% decidiram não se \r\nposicionar sobre a questão.&nbsp;&nbsp; <br>&nbsp; Mais de metade dos deputados (52%) não respondeu se votaria pela \r\ncassação do mantado de Eduardo Cunha, eleito no início do ano para \r\npresidir a Câmara em uma derrota do governo federal no Legislativo. \r\nVotariam a favor da cassação 35% dos deputados, e 13% disseram que \r\nvotariam contra, ou seja, pela manutenção do mandato parlamentar.\r\n\r\n	O Datafolha ouviu 63% dos deputados em exercício entre os dias 19 e 28 \r\nde outubro. Mauro Paulino, diretor do instituto, afirmou que a pesquisa \r\nnão possui o mesmo grau de confiabilidade dos levantamentos eleitorais \r\npor causa da alta taxa de deputados que se recusaram a participar ou não\r\n foram encontrados - 37%. Ele também alertou que muitos deixaram de \r\nresponder a questões para não se comprometer."Há um número \r\nsignificativo de parlamentares escondendo o jogo", disse. "Os resultados\r\n finais indicam tendências gerais, mas não são representativos do total \r\ndo Congresso."\r\n\r\n\r\n\r\n	Impeachment - A pesquisa também analisou o \r\nposicionamento de deputados e senadores sobre um processo de impeachment\r\n da presidente Dilma Rousseff. A lei prevê cabe à Câmara decidir sobre a\r\n abertura do processo de afastamento do presidente da República, e ao \r\nSenado votar a questão em definitivo.\r\n\r\n	Entre os deputados, 39% disseram que votarão a favor da abertura e 32% \r\nafirmaram que serão contra, caso tenham que decidir sobre a questão. Ao \r\ntodo, 29% não responderam ou disseram que não tinham opinião formada \r\nsobre o assunto. Para que os deputados sejam consultados, o presidente \r\nda Casa, Eduardo Cunha (PMDB-RJ), tem de aceitar um dos pedidos de \r\nimpeachment protocolados no Legislativo. Uma comissão especial será \r\nformada para dar aval ao processo. No plenário, a abertura do processo, \r\nque levaria ao afastamento imediato de Dilma, precisa do apoio de 342 \r\ndos 513 - Cunha não vota.\r\n\r\n	De acordo com o jornal, nem o governo nem a oposição teriam atualmente \r\nos votos necessários para decidir sobre a abertura do processo no \r\nplenário da Câmara. Porém, Dilma estaria mais perto de se manter no \r\ncargo, porque não precisa formar maioria para barrar a abertura do \r\nimpeachment.\r\n\r\n	Entre os senadores, 43% disseram que votariam contra o afastamento \r\ndefinitivo de Dilma, e 37%, a favor. Não se posicionaram 20% dos \r\nsenadores entrevistados. No total, o Datafolha ouviu 51 dos 81 senadores\r\n em exercício.\r\n<span>\r\n	(Da redação)</span><br>', '', 'Cunha_01.jpeg', 'Datafolha 45% dos deputados apoiam renúncia de Cunha', '1', '', '', 'Notícia,Cunha,renuncia', 1, 1, 3, 0),
(54, 18, '30-10-2015', 'veja.com', 'EUA vão enviar tropas terrestres para lutar contra o EI na Síria', 'Os Estados Unidos vão enviar 50 unidades de suas forças especiais \r\npara lutar contra os terroristas do Estado Islâmico (EI) na Síria, \r\nreporta nesta sexta-feira a CNN. Um alto funcionário do governo disse \r\nque as tropas americanas irão atuar no território controlado pelos \r\ncurdos, no norte da Síria. Os soldados americanos vão ajudar as forças \r\ncurdas e árabes locais que lutam contra o EI. O desdobramento de tropas \r\nterrestres representa a escalada mais significativa da campanha militar \r\namericana contra o Estado Islâmico. O governo dos EUA também vai \r\naumentar sua presença militar nos céus sírios, enviando mais aeronaves \r\nA-10 e caças F-15 para uma base aérea na Turquia.\r\n<br><br>Além disso, a Casa Branca está estudando também o envio de unidades \r\ndas forças especiais para o Iraque, para impulsionar o combate aos \r\njihadistas. <br><br>O presidente Barack Obama também autorizou o reforço da \r\najuda militar - com apoio logístico e de materiais bélicos - para a \r\nJordânia e o Líbano, também visando combater o EI.\r\n<br><span>\r\n<br>Leia também\r\n<a rel="" target="" href="http://veja.abril.com.br/noticia/mundo/eua-acusam-russia-de-bombardear-hospital-na-siria">EUA acusam Rússia de bombardear hospital na Síria</a>\r\n\r\n\r\n<a rel="" target="" href="http://veja.abril.com.br/noticia/mundo/chefe-da-cia-cre-que-a-russia-deseja-a-saida-de-assad-na-siria/">Chefe da CIA crê que a Rússia deseja a saída de Assad na Síria</a>\r\n<a rel="" target="" href="http://veja.abril.com.br/noticia/mundo/comandos-americanos-e-curdos-invadem-prisao-do-ei-no-iraque-e-libertam-70-refens">Comandos americanos e curdos invadem prisão do EI no Iraque e libertam 70 reféns</a>\r\n</span>\r\nOs EUA e seus aliados estão bombardeando alvos na Síria e no Iraque \r\ndesde setembro 2014, mas não conseguiram até agora frear o avanço do EI \r\nna região. Recentemente, a Casa Branca admitiu que outra de sua \r\nestratégia, o treinamento de rebeldes moderados para combater o EI, \r\nfalhou e iria ser "descontinuada". Algumas das remessas de armas \r\namericanas para os rebeldes caíram justamente nas mãos de jihadistas, \r\ncausando constrangimento para o Pentágono.\r\n<span>O presidente Obama vinha sendo resistente em enviar tropas terrestres\r\n para combater no Iraque e Síria, mas sua opinião mudou após a entrada \r\nda Rússia no conflito. No final de setembro, os russos passaram a \r\nbombardear alvos na Síria afirmando que estão combatendo o terrorismo. \r\n<br>Os EUA e seus aliados, no entanto, dizem que os alvos principais das \r\nbombas russas são as tropas rebeldes que lutam tanto para tirar o \r\nditador Bashar Assad do poder como contra o EI.</span><br><br>', '', 'tropas-americanas-no-iraque-original.jpeg', '', '1', '', '', 'Notícia,siria,usa,guerra', 1, 1, 3, 0),
(55, 44, '30-10-2015', 'Portaldoholanda', 'Aos 50 anos, Elizabeth Hurley mostra corpo de 20 em fotos de biquíni', 'Elizabeth Hurley, da série "The Royals", tem deixado muitos fãs de \r\nqueixo caído ao mostrar fotos de biquíni em sua conta no Instagram.<br><br>&nbsp;Com corpo de 20, a atriz de 50 anos tem exibido a barriga sequinha em fotos na praia para alegria dos seguidores.<br>', '', 'portaldoholanda-650516-imagem-foto-amazonas.jpg', 'Aos 50 anos, Elizabeth Hurley mostra corpo de 20 em fotos de biquíni', '1', '', '', 'Notícia,Elizabeth Hurle,50 anos', 1, 1, 3, 0),
(56, 44, '30-10-2015', 'Portaldoholanda', 'Filha de Kelly Key faz 15 anos, mas Latino não é convidado', 'Suzanna Freitas, filha de Kelly Key e Latino, completa 15 anos nesta sexta-feira (30) e com direito a festa de debutante.\r\n<br><br>De acordo com a coluna “Olá”, do jornal “Agora”, Suzanna preferiu não convidar o cantor para a comemoração.<br>', '', 'Filha_Kelly_Key.jpg', 'Filha de Kelly Key faz 15 anos, mas Latino não é convidado', '1', '', '', 'Notícia,Filha,Kelly Key,15 anos,Latino', 1, 1, 3, 0),
(57, 44, '30-10-2015', 'Portaldoholanda', 'Transexual Thalita Zampirolli mostra corpo violão em ensaio de biquíni', 'Quem vê Thalita Zampirolli não imagina que um dia ela já foi menino.A\r\n transexual tem um corpo de deixar qualquer pessoa de queixo caído.\r\n<span><br><br>A loira posou para uma marca de biquínis e exibiu o corpo violão. Mas ela garante que ainda quer perder mais 4 cm de cintura. <br></span><br>', '', 'portaldoholanda-650429-imagem-foto-amazonas.jpg', '', '2', '', 'Transexual Thalita Zampirolli mostra corpo violão em ensaio de biquíni', 'Notícia,Transexual Thalita Zampirolli', 1, 1, 3, 0),
(58, 35, '30-10-2015', 'Portaldoholanda', 'Câmera flagra momento em que mulher é abusada sexualmente na porta de casa', 'Uma câmera de segurança flagrou o momento em que uma mulher de 20 \r\nanos é abusada sexualmente na porta de casa, em Londres, na Inglaterra.<br><br>&nbsp;<span>O suspeito abordou a mulher quando ela entrava em casa após o \r\ntrabalho. Enquanto a vítima abria a porta, o homem chega por trás \r\nlevantando sua saia e em seguida jogando-a no chão.<br>&nbsp;\r\n<br></span><br>', '', 'portaldoholanda-650493-imagem-foto-amazonas.jpg', 'Câmera flagra momento em que mulher é abusada sexualmente na porta de casa', '1', 'uZdAS9i0EOU', 'teste de legenda do vídeo', 'Notícia,Câmera flagra,mulher é abusada sexualmente,na porta de casa', 1, 1, 3, 0),
(59, 35, '30-10-2015', 'Portaldoholanda', 'Homens e crianças se cortam com espadas em ritual no Oriente Médio', 'No dia 24 de outubro, nos países muçulmanos é celebrado o Ashura para \r\nlembrar a morte de Imam Hussain, neto do profeta Maomé, morto na Batalha\r\n de Kerbala no século VII. Em alguns países. o &nbsp;ritual do Ashura, além \r\nda visita às mesquitas, a celebração é um ato de sacrifício de cortar na\r\n própria carne.<br>\r\n<br>Veja a impressionante galeria de fotos desta celebração que aconteceu neste sábado (24), na cidade Nabatieh, sul do Líbano.<br>', '', 'portaldoholanda-649232-imagem-foto-amazonas.jpg', 'Homens e crianças se cortam com espadas em ritual no Oriente Médio', '1', '', '', 'Notícia,Homens e crianças,se cortam com espadas em ritual no Oriente Médio', 1, 1, 3, 0),
(60, 35, '30-10-2015', 'Portaldoholanda', 'Impressionante criança de 2 anos despencando de 5m em shopping', 'Um vídeo impressionante mostra o perigo de deixar uma criança brincar próximo de uma escada rolante.\r\n<span><br><br>Na China, um menino de 2 anos é puxado pelo equipamento e despenca de uma altura de aproximadamente 5 metros.<br>&nbsp;\r\n<br></span><br>', '', 'portaldoholanda-650472-imagem-foto-amazonas.jpg', 'Impressionante criança de 2 anos despencando de 5m em shopping', '1', 'Ner-6owN_Mk', 'Impressionante criança de 2 anos despencando de 5m em shopping', 'Notícia,criança de 2 anos despencando de 5m em shopping', 1, 1, 3, 1);
INSERT INTO `noticia` (`noticia_id`, `sub_editoriais_id`, `data_noticia`, `fonte`, `titulo`, `texto`, `texto_detalhe`, `img`, `legenda`, `posicao_img`, `video`, `legenda_video`, `tags`, `destaque_banner`, `publicar`, `usuario_id`, `cliks`) VALUES
(61, 29, '30-10-2015', 'portaldoholanda', 'Confira as estreias e filmes em cartaz nos cinemas neste fim de semana', '<h2>O Último Caçador de Bruxas - ESTREIA\r\n</h2>Amaldiçoado com a imortalidade, o caçador de bruxas Kaulder é \r\nobrigado a enfrentar mais uma vez sua maior inimiga e unir forças com a \r\njovem bruxa Chloe para impedir que uma convenção espalhe uma terrível \r\npraga pela cidade.\r\n<span><br><br>Em exibição no:<br>\r\n<b>Amazonas Shopping (Dublado</b> - Evolution) - 16:50 - 19:10 - 21:30<br>\r\n<b>Manauara Shopping</b> (Dublado) - 12:35 - 14:50 - 17:05 - 19:20 - 21:35<br>\r\n<b>Manauara Shopping </b>(Legendado) - 20:15<br>\r\n<b>Manaus Plaza </b>(Dublado) - 14:45 - 17:15 - 19:45<br>\r\n<b>Manaus Plaza </b>(Dublado) - 15:45 - 18:15 - 20:45<br>\r\n<b>Millennium Shopping</b> (Dublado) - 15:00 - 17:30<br>\r\n<b>Millennium Shopping</b> (Dublado Macro XE) - 16:00 - 18:30<br>\r\n<b>Shopping Ponta Negra</b> &nbsp;(Dublado) - 14:40 - 19:40<br>\r\n<b>Shopping Ponta Negra</b> (Legendado) - 17:10<br>\r\n<b>Studio 5</b> (Dublado) - 14:15 - 16:50 - 19:20 - 22:15</span>\r\n\r\n<br><br>••••••••••••••••••••••••••••••••••••••••••••••••••••••••••••••••••••<br><br><h2>Os 33 - ESTREIA\r\n</h2>Capiapó, Chile. Um desmoronamento faz com que a única entrada e saída\r\n de uma mina seja lacrada, prendendo 33 mineradores a mais de 700 metros\r\n abaixo do nível do mar. Eles ficam em um lugar chamado refúgio e, \r\nliderados por Mario Sepúlveda, precisam racionar o alimento disponível. \r\nParalelamente, o Ministro da Energia Laurence Golborne faz o possível \r\npara conseguir que os mineiros sejam resgatados, enfrentando \r\ndificuldades técnicas e o próprio tempo.\r\n<span><br><br>Em exibição no:<br>\r\n<b>Shopping Ponta Negra </b>(Legendado VIP) - 18:00<br>\r\n<b>Shopping Ponta Negra</b> (Dublado) - 16:20 - 19:20<br>\r\n<b>Studio 5</b> (Dublado) - 15:15 - 18:10 - 21:00</span>\r\n\r\n<br><br>••••••••••••••••••••••••••••••••••••••••••••••••••••••••••••••••••••<br><br><h2>Grace de Mônaco - ESTREIA\r\n</h2>O casamento de Grace Kelly &nbsp;e o príncipe Rainier III &nbsp;foi considerado\r\n um conto de fadas na vida real quando aconteceu, em 1956. Entretanto, \r\ncinco anos mais tarde e com dois filhos, a verdade é que Grace está \r\ninsatisfeita com a vida no palácio e o distanciamento do marido. A \r\nchance de novamente sentir-se útil surge quando seu velho amigo, o \r\ndiretor Alfred Hitchcock, a convida para retornar ao cinema como \r\nprotagonista de seu próximo filme: "Marnie - Confissões de uma Ladra". O\r\n problema é que Rainier é terminantemente contra e, ainda por cima, está\r\n envolvido com uma ameaça vinda do presidente francês Charles de Gaule \r\n(André Penvern): caso Mônaco não pague impostos à França e acabe com o \r\nparaíso fiscal existente, o principado será invadido em seis meses. Em \r\nmeio às inevitáveis tensões, Grace e Rainier buscam resolver seus \r\nproblemas tentando evitar que eles causem o divórcio.\r\n<span><br><br>Em exibição no:<br>\r\n<b>Manauara Shopping </b>(Legendado) - 13:45 - 16:00 - 18:15 - 20:30<br>\r\n<b>Shopping Ponta Negra</b> (Legendado VIP) - 19:00</span>\r\n<br><br>••••••••••••••••••••••••••••••••••••••••••••••••••••••••••••••••••••<br><br><h2>Operações Especiais\r\nRio de Janeiro, 2010</h2>Formada em turismo e trabalhando como atendente\r\n em um hotel, Francis se anima com a possibilidade de entrar para a \r\npolícia civil. Ela presta o concurso e, após ser aprovada, passa a \r\nfrequentar o curso de habilitação para policial. Trata-se do mesmo \r\nperíodo em que ocorreu a invasão no Complexo do Alemão, com traficantes \r\nde vários morros cariocas fugindo para cidades periféricas. É o que \r\nacontece em São Judas do Livramento, cidade no interior do estado do Rio\r\n de Janeiro, que passa a lidar com uma onda de crimes sem precedentes. \r\nPara combatê-los é enviada a unidade liderada pelo incorruptível \r\ndelegado Paulo Froe, que conta com a presença da ainda iniciante \r\nFrancis. No batalhão ela precisa lidar com a desconfiança dos demais \r\npoliciais, especialmente Roni, e também com as dificuldades da \r\nprofissão, dos perigos inerentes ao ofício até a corrupção existente ao \r\nseu redor.\r\n<span><br><br>Em exibição no:<br>\r\n<b>Manauara Shopping</b> (Nacional) - 14:55</span>\r\n<br><br>••••••••••••••••••••••••••••••••••••••••••••••••••••••••••••••••••••<br><br><h2>Ponte dos Espiões\r\n</h2>Em plena Guerra Fria, o advogado especializado em seguros James \r\nDonovan aceita uma tarefa muito diferente do seu trabalho habitual: \r\ndefender Rudolf Abe, um espião soviético capturado pelos americanos. \r\nMesmo sem ter experiência nesta área legal, Donovan torna-se uma peça \r\ncentral das negociações entre os Estados Unidos e a União Soviética ao \r\nser enviado a Berlim para negociar a troca de Abel por um prisioneiro \r\namericano, capturado pelos inimigos\r\n<br><br><span>Em exibição no:<br>\r\n<b>Manauara Shopping</b> (Legendado) - 21:10<br>\r\n<b>Millennium Shopping</b> (Dublado) - 16:30<br>\r\n<b>Shopping Ponta Negra</b> (Legendado VIP) - 16:00<br>\r\n<b>Shopping Ponta Negra </b>(Legendado) - 18:40<br>\r\n<b>Studio 5</b> (Dublado) - 22:30</span>\r\n\r\n<br><br>••••••••••••••••••••••••••••••••••••••••••••••••••••••••••••••••••••<br><br><h2>A Colina</h2>Escarlate\r\nApaixonada pelo misterioso Sir Thomas Sharpe, a escritora Edith \r\nCushing muda-se para sua sombria mansão no alto de uma colina. Habitada \r\ntambém por sua fria cunhada Lucille Sharpe, a casa tem uma história \r\nmacabra e a forte presença de seres de outro mundo não demora a abalar a\r\n sanidade de Edith\r\n<span><br><br>Em exibição no:<br>\r\n<b>Millennium Shopping</b> (Legendado) - 19:15</span>\r\n\r\n<br><br>••••••••••••••••••••••••••••••••••••••••••••••••••••••••••••••••••••<br><br><h2>Atividade Paranormal: Dimensão Fantasma</h2>Quando se muda para uma nova casa com a família, Ryan Fleege descobre\r\n uma caixa com dezenas de fitas cassetes de décadas atrás. \r\nEstranhamente, as imagens parecem se comunicar com os vivos. Procurando \r\nmais, Ryan encontra uma câmera diferente, capaz de registrar atividades \r\nparanormais. Com a ajuda da esposa, do irmão e da filha, ele passa a \r\ngravar fenômenos malignos que ameaçam seus entes queridos.\r\n<span><br><br>Em exibição no:<br>\r\n<b>Amazonas Shopping</b> (Dublado 3D) - 15:20 - 17:25 - 19:35 - 21:45<br>\r\n<b>Manauara Shopping </b>(Legendado) - 20:40<br>\r\n<b>Manauara Shopping </b>(Dublado) - 13:20 - 15:20 - 17:20 - 19:20 - 21:20<br>\r\n<b>Manaus Plaza</b> (Dublado 3D) - 14:15 - 16:30 - 19:00<br>\r\n<b>Manaus Plaza </b>(Dublado) - 17:45 - 20:00<br>\r\n<b>Millennium Shopping</b> (Dublado 3D) - 15:45 - 18:00<br>\r\n<b>Shopping Ponta Negra</b> (Legendado 3D - Macro XE) - 17:20<br>\r\n<b>Shopping Ponta Negra</b> (Dublado 3D - Macro XE) - 15:10 - 19:30<br>\r\n<b>Studio 5 </b>(Dublado) - 18:00 - 20:10<br>\r\n<b>Studio 5 </b>(Dublado 3D) - 15:00 - 17:10 - 19:30 - 21:45</span>\r\n<br><br>••••••••••••••••••••••••••••••••••••••••••••••••••••••••••••••••••••<br><br><h2>S.O.S. Mulheres ao Mar 2\r\n</h2>Adriana, agora uma escritora bem-sucedida, segue feliz em seu romance\r\n com André, que está prestes a lançar sua mais nova coleção de moda \r\ndurante um cruzeiro pelo Caribe. Porém, quando ela descobre que a bela \r\nex-noiva do estilista irá acompanhá-lo em busca de uma reconciliação, \r\nAdriana convoca a irmã Luiza e Dialinda - sua ex-diarista que agora \r\ntrabalha nos EUA - para uma nova aventura.\r\n<span><br><br>Em exibição no:<br>\r\n<b>Amazonas Shopping</b> (Nacional) - 16:40 - 19:00 - 21:20<br>\r\n<b>Manauara Shopping </b>(Nacional) - 12:45 - 14:55 - 17:05 - 19:15 - 21:25<br>\r\n<b>Manaus Plaza </b>(Nacional) - 14:00 - 16:15 - 18:45<br>\r\n<b>Millennium Shopping</b> (Nacional) - 17:15 - 19:45<br>\r\n<b>Shopping Ponta Negra</b> (Nacional) - 15:50 - 18:20 - 20:40<br>\r\n<b>Studio 5</b> (Nacional) - 15:30 - 18:20 - 20:45</span>\r\n\r\n<br><br>••••••••••••••••••••••••••••••••••••••••••••••••••••••••••••••••••••<br><br><h2>GOOSEBUMPS: Monstros e Arrepios</h2>O jovem Zach Cooper se muda de Nova York para uma cidade pequena dos \r\nEstados Unidos, para onde a mãe é transferida. Lá, eles passam a morar \r\nna casa ao lado da de Hannah – por quem o adolescente se apaixona – e o \r\npai, o ranzinza R. L. Stine. Depois de escutar gritos vindo da \r\npropriedade ao lado, Zach invade a residência com a ajuda do medroso \r\ncolega e acaba, acidentalmente, abrindo um dos livros e, \r\nconsequentemente, dando início à libertação de todos os monstros criados\r\n por Stine. Juntos, eles terão que mandar as criaturas de volta para as \r\nprateleiras\r\n<span><br><br>Em exibição no:<br>\r\n<b>Amazonas Shopping </b>(Dublado) - 16:15 - 21:10<br>\r\n<b>Manauara Shopping</b> (Dublado) - 12:20 - 16:45 - 21:15<br>\r\n<b>Manaus Plaza </b>(Dublado 3D) - 14:30 - 17:00<br>\r\n<b>Millennium Shopping</b> (Dublado 3D) - 15:15 - 17:45<br>\r\n<b>Shopping Ponta Negra</b> (Legendado) - 17:50<br>\r\n<b>Shopping Ponta Negra </b>(Dublado) - 15:30<br>\r\nStudio 5 (Dublado) - 13:20 - 15:40</span>\r\n<br><br>••••••••••••••••••••••••••••••••••••••••••••••••••••••••••••••••••••<br><br><h2>Hotel Trânsilvania 2\r\n</h2>A vampira Mavis e o humano Jonathan se casaram e continuaram morando \r\nno Hotel Transilvânia, já que Drácula ofereceu um emprego ao genro. Ele \r\nna verdade quer que sua filha permaneça ao seu lado, especialmente \r\nquando ela revela estar grávida. Eufórico com a notícia, Drácula torce \r\npara que seu neto seja um vampiro de verdade e busca, a todo instante, \r\nindícios de que isto acontecerá. Entretanto, o pequeno Dennis está \r\nprestes a completar cinco anos e, ao menos por enquanto, tudo indica que\r\n ele é um humano normal.\r\n<span><br><br>Em exibição no:<br>\r\n<b>Manauara Shopping </b>&nbsp;(Dublado) - 13:10 - 15:05 - 17:00<br>\r\n<b>Manaus Plaza </b>(Dublado) - 15:30<br>\r\n<b>Shopping Ponta Negra </b>(Dublado) - 14:10<br>\r\n<b>Studio 5</b> (Dublado) - 14:00</span>\r\n\r\n<br><br>••••••••••••••••••••••••••••••••••••••••••••••••••••••••••••••••••••<br><br><h2>Terra de Maria\r\n</h2>Um advogado que trabalha para o Diabo é comissionado para ir à Terra e\r\n realizar uma investigação: o que acontece nas cabeças daqueles que \r\nacreditam no Céu e em seus fundamentos? As descobertas dele definirão o \r\nfuturo da raça humana.\r\n<span><br><br>Em exibição no:<br>\r\n<b>Studio 5 &nbsp;</b>(Dublado) - 16:20</span>\r\n\r\n<br><br>••••••••••••••••••••••••••••••••••••••••••••••••••••••••••••••••••••<br><br><h2>Vai que Cola - O Filme\r\n</h2>Após ser vítima de um golpe que roubou todo seu dinheiro, Valdomiro \r\n&nbsp;se muda para a pensão da Dona Jô no Méier, bairro localizado no \r\nsubúrbio do Rio de Janeiro, onde pretende escapar da polícia. Para \r\nsobreviver, ele passa a vender quentinhas pelas redondezas. A situação \r\nmuda mais uma vez quando Andrade, seu ex-sócio, consegue fazer com que \r\nValdomiro recupere sua cobertura no Leblon. Mas há um problema: como a \r\npensão foi interditada pela Defesa Civil, Dona Jô e os demais moradores \r\nse mudam para a casa de Valdomiro.\r\n<span><br><br>Em exibição no:<br>\r\n<b>Amazonas Shopping</b> (Nacional) - 14:50 - 17:05 - 19:25 - 21:40<br>\r\n<b>Manauara Shopping</b> (Nacional) - 12:50 - 17:20 - 19:25 - 21:30<br>\r\n<b>Manaus Plaza</b> (Nacional) - 15:25 - 18:00 - 20:15<br>\r\n<b>Millennium Shopping</b> (Nacional) - 16:15 - 18:45<br>\r\n<b>Shopping Ponta Negra</b> (Nacional) - 16:50 - 19:10<br>\r\n<b>Studio 5 </b>(Nacional) - 14:45 - 17:25 - 19:40 - 22:00</span>\r\n\r\n<br><br>••••••••••••••••••••••••••••••••••••••••••••••••••••••••••••••••••••<br><br><h2>Perdido em Marte\r\n</h2>O astronauta Mark Watney é enviado a uma missão em Marte. Após uma \r\nsevera tempestade ele é dado como morto, abandonado pelos colegas e \r\nacorda sozinho no misterioso planeta com escassos suprimentos, sem saber\r\n como reencontrar os companheiros ou retornar à Terra.\r\n<span><br><br>Em exibição no:<br>\r\n<b>Shopping Ponta Negra</b> (Legendado) - 20:20</span>\r\n<br><br>••••••••••••••••••••••••••••••••••••••••••••••••••••••••••••••••••••<br><br><h2>Peter Pan\r\n</h2>Peter é um garoto de 12 anos que vive em um orfanato em Londres, no \r\nperíodo da Segunda Guerra Mundial. Um dia, ele e várias crianças são \r\nsequestradas por piratas em um navio voador, que logo é perseguido por \r\ncaças do exército britânico. O navio escapa e logo ruma para a Terra do \r\nNunca, um lugar mágico e distante onde o capitão Barba Negra escraviza \r\ncrianças e adultos para que encontrem pixum, uma pedra preciosa que \r\nconcentra pó de fada. Em pleno garimpo, Peter conhece James Hook, que \r\ntem planos para fugir do local.\r\n<span><br><br>Em exibição no:<br>\r\n<b>Amazonas Shopping </b>(Dublado) - 18:35<br>\r\n<b>Manauara Shopping </b>(Dublado) - 14:25 - 18:55<br>\r\n<b>Manaus Plaza</b> (Dublado) - 16:45<br>\r\n<b>Millennium Shopping </b>(Dublado) - 16:45<br>\r\n<b>Shopping Ponta Negra</b> (Dublado) - 16:10</span><br><br><br><br><br><br><br><br><br><br><br><br><br><br>', '', 'portaldoholanda-650463-imagem-foto-amazonas.jpg', 'Confira as estreias e filmes em cartaz nos cinemas neste fim de semana', '3', '', '', 'Notícia,cinema,filmes da semana', 1, 1, 3, 0),
(62, 51, '30-10-2015', 'EMTEMPO', 'Prorrogado para 30 de novembro prazo para renovação de contratos do Fies', '<span>O Ministério da Educação prorrogou para o dia 30 de novembro o <a rel="nofollow" target="">prazo</a> para renovação dos contratos do Fundo de <a rel="nofollow" target="">Financiamento</a>\r\n  Estudantil (Fies) do 1° e 2° semestres de 2015. A medida consta de \r\nportaria publicada na edição de nesta sexta-feira (30) do Diário Oficial\r\n da União. Com o Fies, os estudantes financiam <a rel="nofollow" target="">cursos</a> superiores em instituições privadas.\r\n \r\n</span><div>\r\n\r\n \r\n\r\n\r\n</div>\r\n\r\n<span><br>A portaria prorroga para a mesma data o prazo para transferência integral de <a rel="nofollow" target="">curso</a>  ou de <a rel="nofollow" target="">instituição</a> de ensino e para solicitação de dilatação do prazo de utilização do financiamento referentes ao 1º e 2º semestres de 2015.</span>\r\nTambém fica liberado até 30 de novembro o aditamento de suspensão \r\ntemporária e encerramento antecipado do prazo de utilização do \r\nfinanciamento, referente ao 2º semestre de 2013, 1º e 2º semestres de \r\n2014 e ao 1º semestre de 2015.\r\n<span>A renovação do financiamento e demais operações devem ser feitas por \r\nmeio do Sistema Informatizado do Fies (SisFies), disponível nos sites \r\n<a rel="" target="" href="http://www.mec.gov.br">www.mec.gov.br</a> e <a rel="" target="" href="http://www.fnde.gov.br">www.fnde.gov.br</a>.</span>\r\n<span>Por <a rel="nofollow" target="">Agência</a> Brasil</span><br>', '', 'mec-fies-415x260.jpg', 'Prorrogado para 30 de novembro prazo para renovação de contratos do Fies', '1', '', '', 'Notícia,Prorrogado para 30 de novembro prazo para renovação de contratos do Fies', 1, 1, 3, 0),
(63, 52, '30-10-2015', 'EMTEMPO', 'Três residências foram atingidas por incêndios em Manaus na manhã desta sexta', '<span>O Corpo de Bombeiros Militar do Amazonas atendeu a três \r\nocorrências de incêndio a residências na manhã desta sexta-feira (30) em\r\n Manaus. Em nenhum deles houve vítimas graves, apenas danos <a rel="nofollow" target="">materiais</a>.\r\n \r\n</span><div>\r\n\r\n \r\n\r\n\r\n</div>\r\n\r\n<span><br>O primeiro foi registrado pela corporação às \r\n9h35, na rua Catarina, Novo Reino, Zona Leste, em uma pequena casa de \r\nmadeira. &nbsp;Ao chegarem ao <a rel="nofollow" target="">local</a>, os bombeiros fizeram o confinamento do fogo e evitaram que as chamas comprometessem outras <a rel="nofollow" target="">casas</a>.</span>\r\n<span><br><br>O <a rel="nofollow" target="">segundo</a>\r\n sinistro foi registrado às 9h58, em uma casa de alvenaria, localizada \r\nna rua Maranata, Jorge Teixeira, primeira etapa, também na Zona Leste.</span>\r\n<span>Segundo os bombeiros, dois <a rel="nofollow" target="">quartos</a> queimaram totalmente. O restante do imóvel foi atingido apenas no forro.<br><br></span><br>O proprietário estava dormindo com o filho em um dos quartos da \r\nresidência quando o pessoal da vizinhança percebeu o fogo e arrombou a \r\nporta para acordá-lo. Há suspeita de que o Incêndio tenha se iniciado a \r\npartir de um curto circuito provocado por alguma sobrecarga.\r\n<br><br>O terceiro incêndio ocorreu na rua Magalhães Barata, ceco Olaria, \r\nbairro Crespo, Zona Sul. Os bombeiros foram acionados às 10h22. O imóvel\r\n atingido também era de alvenaria.\r\n<span>Por <a rel="nofollow" target="">equipe</a> EM TEMPO Online</span><br>', '', 'incendio-casa-2-divulg-625x352.jpg', 'Três residências foram atingidas por incêndios em Manaus na manhã desta sexta', '1', '', '', 'Notícia,Três residências,incêndios', 1, 1, 3, 0),
(64, 50, '30-10-2015', 'EMTEMPO', 'Vendedor de picolé e grávida são atingidos em troca de tiros durante assalto na Eduardo Ribeiro', '<span><b>MANAUS</b> - O vendedor de picolé, o haitiano Joseph Emanuel\r\n Justino,48, foi atingido na perna durante troca de tiros entre a \r\npolícia e bandidos que assaltaram uma <a rel="nofollow" target="">agência</a> do Bradesco expresso que fica localizada dentro da loja Dubai <a rel="nofollow" target="">Shopping</a> Center, localizado na avenida Eduardo Riberio, Centro da cidade.\r\n \r\n</span><div>\r\n\r\n \r\n\r\n\r\n</div>\r\n\r\n<br><h3>Segundo informações de&nbsp; </h3><h1></h1><span>quatro homens entram \r\nno estabelecimento, de onde roubaram a quantia de R$ 6 mil em espécie. \r\nNo momento da fuga, os suspeitos se depararam com uma viatura da 24ª <a rel="nofollow" target="">Companhia</a> Interativa Comunitária (Cicom), e começaram a trocar de tiros com os policiais.</span>\r\nDurante a troca de tiros, além do vendedor de picolé ferido com um \r\ntiro na perna, uma mulher gravida que não teve o nome divulgado também \r\nfoi atingida com um tiro no braço.\r\nDois suspeitos fugiram em uma motocicleta de placa e caraterísticas \r\nnão informadas. Outros fugiram a pé, mas em seguida pegaram um táxi e \r\npassaram novamente pelo local do assalto, onde foram reconhecidos pela \r\npopulação e imediatamente presos pela polícia.\r\nAinda segundo a polícia, um dos suspeitos que fugiu foi atingido com um tiro nas costas.\r\n<span>O professor Manoel Galvão, que teve o carro <a rel="nofollow" target="">modelo</a>\r\n HB 20 de placa PHB-9072 atingido com três tiros, falou que ficou \r\nbastante <br>" Quando ouvi os tiros, percebi que estávamos no \r\nmeio do fogo cruzado. Meu carro foi atingido, mas graças a Deus eu e \r\nminha família estamos bem”, disse o professor.</span>\r\n<span>As imagens das câmeras de <a rel="nofollow" target="">segurança</a> do estabelecimento serão disponibilizadas à polícia para ajudar na identificação dos outros suspeitos.</span>\r\n<span>Três agentes do Instituto Municipal de <a rel="nofollow" target="">Engenharia</a> de Fiscalização do Trânsito (Manautrans) estão no local para orientar os condutores.</span>\r\nA dupla foi levada ao 24º Distrito Integrado de Polícia (DIP), onde foram tomadas as medidas cabíveis.\r\nPor Mara Magalhães\r\nColaborou Josemar Antunes\r\nTexto atualizado às 14h para inserção e correção de informações<br>', '', 'vítima-divulg.jpg', 'Vendedor de picolé e grávida são atingidos em troca de tiros durante assalto na Eduardo Ribeiro', '2', '', '', 'Notícia,Vendedor de picolé,grávida,troca de tiros', 1, 1, 3, 0),
(65, 53, '30-10-2015', 'EMTEMPO', 'Em Flores, carro sai da pista e cai em barranco, deixando uma pessoa presa nas ferragens', '<span>Um pessoa ficou presa nas ferragens de um carro durante acidente de <a rel="nofollow" target="">trânsito</a>  ocorrido por volta de 2h30 da madrugada desta sexta-feira (30), no prolongamento da avenida <a rel="nofollow" target="">Professor</a> Nilton Lins, bairro de Flores, Zona Centro-Sul de Manaus.\r\n \r\n</span><div>\r\n\r\n \r\n\r\n\r\n</div>\r\n\r\n<span><a rel="nofollow" target=""><br>Segundo</a> registro do Corpo de Bombeiros, o carro de <a rel="nofollow" target="">modelo</a>\r\n Corola, cor branca, placa PHC-7802, conduzido por Pablo Victor Costa da\r\n Rocha, 31, saiu da pista e caiu no barrando ao lado da via, após o \r\nmotorista perder o controle da direção.</span>\r\n<span><br><br>Esmelita Machado da Rocha, 43, que também estava no carro,\r\n juntamente com Priscila Souza Marques, 32, acabou ficando presa nas \r\nferragens do veículo, e precisou ser retirada com a ajuda dos bombeiros,\r\n que tiveram de utilizar vários <a rel="nofollow" target="">materiais</a> de desencarceramento.</span>\r\nAinda segunda a assessoria de imprensa do Corpo de Bombeiros, apesar \r\nda gravidade do acidente, aparentemente ninguém ficou ferido, nem mesmo a\r\n vítima presa nas ferragens, que apresentou apenas fortes dores no \r\ncorpo.\r\n<span>“As vítimas estavam conscientes e sem arranhões”, informou tenente Everson, que estava no comando da <a rel="nofollow" target="">equipe</a> responsável pelo atendimento.</span><br>', '', 'acidente-21.jpg', 'Em Flores, carro sai da pista e cai em barranco, deixando uma pessoa presa nas ferragens', '1', '', '', 'Notícia,carro,pista,barranco,ferragens', 1, 1, 3, 0),
(66, 50, '30-10-2015', 'EMTEMPO', 'Trio foge após assaltar joalheria, no Centro', 'Três pessoas armadas – entre eles, um casal – ainda não \r\nidentificadas, efetuaram assalto à joalheria Ouro do Brasil, localizada \r\nna avenida Eduardo Ribeiro, no Centro, na tarde desta sexta-feira (30), \r\npor volta das 15h. Os assaltantes levaram joias e o celular de um dos \r\nclientes, mas o prejuízo ainda não foi calculado.\r\n \r\n<div>\r\n\r\n \r\n\r\n\r\n</div>\r\n\r\n<span><br>De acordo com informações da 24º <a rel="nofollow" target="">Companhia</a>\r\n Interativa Comunitária (Cicom), o trio chegou a pé na joalheria e \r\narmado com um revólver calibre 38. No estabelecimento, tinham pelo menos\r\n dez pessoas, entre clientes, funcionários e proprietários da <a rel="nofollow" target="">loja</a>. Apenas o casal entrou na joalheria, enquanto o outro homem ficou esperando próximo ao estabelecimento.</span>\r\n<span>Depois de roubar várias joias, entre cordões, pulseiras e anéis, além de um celular de um <a rel="nofollow" target="">cliente</a>,\r\n o casal foi visto por ambulantes fugindo em direção à rua Barroso e o \r\nterceiro suspeito foi visto fugindo em direção à rua 24 de Maio. <br><br>As \r\ntestemunhas disseram ainda que o homem que estava na companhia da mulher\r\n vestia <a rel="nofollow" target="">camisa</a> polo azul e calça jeans. A mulher trajava um vestido cor de vinho.</span>\r\n<span>Uma viatura da Ronda Ostensiva Cândido Mariano (Rocam) também esteve no <a rel="nofollow" target="">local</a>.<br>\r\nAté o momento desta postagem, os bandidos ainda não haviam sido localizados .</span>\r\nPor Joandres Xavier<br>', '', 'ouro-625x352.jpg', 'Trio foge após assaltar joalheria, no Centro', '2', '', '', 'Notícia,Trio foge após assaltar joalheria,no Centro', 1, 1, 3, 0),
(68, 13, '31-10-2015', 'veja.com', 'Ex-deputado Marcelo Ramos assume presidência do PR Municipal', 'O ex-deputado Marcelo Ramos (PR) assumiu na manhã deste sábado (31) a presidência do Partido da República (PR), juntamente com a ex-vereadora Mirtes Salles, que assumiu a presidência do PR Mulher Municipal. Segundo Marcelo, o partido tem uma proposta de mudar a política na cidade de Manaus e trazer melhorias públicas à capital. Ramos também frisou que o PR tem como principais objetivos nas eleições de 2016, dar mais representatividade às mulheres na política.<br><br>“Não vamos trazer mulheres apenas para compor a chapa, queremos que as mulheres sejam parte da política municipal, estadual e nacional e não apenas como uma obrigação trazida por uma lei. É inadmissível termos poucas mulheres na Câmara Municipal de Manaus (CMM), vamos trabalhar para que elas estejam presentes na política”, disse Marcelo.<br><br>O ex-deputado estadual também aproveitou a ocasião, para criticar a administração do prefeito Arthur Virgílio Neto (PSDB). Para Marcelo Ramos, não dá para arrumar o Centro e deixar de lado as zonas mais distantes abandonadas. “Nós teremos uma administração que vai cuidar das políticas públicas que vai cuidar do cidadão que vai beneficiar a população como um todo”, declarou.<br><br>Presidente nacional da sigla, o deputado federal Alfredo Nascimento esteve presente à cerimônia, e afirmou que Marcelo vem o surpreendendo a cada dia, além de garantir que dará total autonomia para que Ramos possa conduzir sua candidatura a prefeito no pleito de 2016. Ele também fez um duro discurso à atual gestão municipal.<br><br>“Quando eu era prefeito, eu tinha muito menos. O Arthur tem que parar de depender do governo federal e começar a trabalhar com o dinheiro que tem. A prefeitura recebe cinco vezes mais do que eu, na época que era prefeito, eu não dependia do governo federal. Mesmo assim fiz muito pela cidade de Manaus”, afirmou.<br><br>Por Henderson Martins<br>', '', 'Marcelo-Ramos-625x469.jpg', 'Ramos também frisou que o PR tem como principais objetivos nas eleições de 2016, dar mais representatividade às mulheres na política – foto: divulgação', '3', '', '', 'Notícia,Marcelo Ramos,presidência do PR', 1, 1, 3, 0),
(69, 53, '31-10-2015', 'EMTEMPO', 'Um veículo capota e outro derruba poste, no Jorge Teixeira', 'Dois acidentes de trânsito aconteceram no início da manhã deste sábado (31) em pontos diferentes de Manaus. Na avenida Coronel Teixeira, bairro Nova Esperança, Zona Oeste, um carro derrubou um poste do canteiro central. Na avenida Autaz Mirim, bairro Jorge Teixeira, Zona Leste, dois veículos colidiram e um deles capotou. Os acidentes não deixaram vítimas.<br><br>Segundo o Instituto Municipal de Engenharia e Fiscalização do Trânsito (Manaustrans), por volta das 5h20 deste sábado (31) dois carros colidiriam quando trafegavam pela avenida Autaz Mirim, nas proximidades da loja Pavão.<br><br>Um deles, cujas características não foram identificadas, fugiu do local e o outro, modelo Peugeot 206, de cor Azul JXD-7259 perdeu o controle e capotou depois de bater, em um outro carro, modelo Gol de cor branca e placa JWO-7827.<br>carro<br><img src="http://www.emtempo.com.br/aet/wp-content/uploads/2015/10/carro5-625x352.jpg" alt="carro5" height="352" width="625"><br>Foto: divulgação / Manaustrans<br><br>Por volta das 6h, enquanto transitava pela avenida Coronel Teixeira, no sentido centro-bairro em frente ao DB da Ponta Negra, o motorista da camionete modelo Triton de cor branca e placa NOS-7010, subiu no canteiro central, derrubando um poste de concreto, que caiu por cima do veículo. O Manaustrans informou que não houve registro de vítima. A equipe do órgão ao chegar ao local encontrou apenas o carro.<br><br>Por Joandres Xavier<br><br>', '', 'carro4-625x351.jpg', 'O Peugeot 206, de cor Azul JXD-7259 perdeu o controle e capotou depois de bater, em um outro carro, modelo Gol de cor branca e placa JWO-7827 – foto: divulgação / Manaustrans', '2', '', '', 'Notícia,acidente', 1, 1, 3, 0),
(70, 45, '31-10-2015', 'EMTEMPO', 'Fast quebra tabu e fica com título da Copa AM', 'Aproveitando as bobeiras da defesa adversária e o desespero do final de partida, o Fast goleou o Manaus FC por 5 a 2 no estádio Carlos Zamith, localizado no Coroado, Zona Leste da capital, conquistando, assim, a Copa Amazonas e garantindo vaga na Copa Verde 2016.<br><br>De quebra, o Tricolor encerrou um jejum de 43 anos sem título. Os gols da partida foram marcados por Jack Chan e Romarinho, duas vezes cada, e Delciney. Os atacantes Claílson e Tety descontaram para o Manaus.<br><br>Sabendo da responsabilidade que tinham e tudo que valia a partida, ambas as equipes entraram em campo se respeitando. Com a partida muito brigada, a primeira chance de gol apareceu apenas aos 12 minutos, quando Romarinho chegou à linha de fundo e cruzou para Raílson, que finalizou forte, mas Jonathan realizou uma linda defesa com os pés, evitando o primeiro gol da final.<br><br>O time comandado pelo técnico Igor Cearense esperou o primeiro contra-ataque para abrir o placar aos 28 minutos. A jogada começou com Serginho, que enfiou para Tety na ponta direita. Indo até a linha de fundo, o camisa 11 encontrou Claílson livre dentro área. O artilheiro do Gavião do Norte na Copa só teve o trabalho de completar para as redes.<br><br>Precisando da vitória para ser campeão, o Fast partiu para cima. Contando com a falha bizonha do zagueiro Fábio Gomes, Weverton cruzou para Jack Chan, que, dentro da área, dominou e colocou no canto direito de Jonathan para igualar o marcador.<br><br>O segundo tempo começou com o Fast partindo para o ataque e, logo aos seis minutos, o atacante Romarinho marcou um golaço. Recebendo na direita, o camisa 11 ajeitou para esquerda e acertou o ângulo direito do arqueiro do Manaus, virando o placar para 2 a 1.<br><br>Aos 20 minutos, o Rolo Compressor aumentou o placar. Weverton recebeu dentro da área e foi derrubado. O árbitro João Batista marcou pênalti. Delciney pegou a bola e ampliou a vantagem marcando o terceiro do Fast.<br><br>Mantendo a mesma pegada, o Fast matou o jogo aos 30 minutos quando o lateral-esquerdo Pedro Henrique furou na hora de tirar a bola, deixando Jack Chan livre de cara com Jonathan para fazer seu segundo no jogo, o quarto do Tricolor.<br><br>O massacre era grande e ficou maior. Aos 36 minutos, Júnior Neymar puxou ataque pela direita e rolou para Romarinho que completou.<br><br>Nos minutos finais, o Manaus descontou com Purá que completou cruzamento de Tety.<br><br>Por Thiago Fernando<br>', '', 'Fast-625x311.jpg', 'Rolo Compressor fez jus a sua alcunha, atropelou o Manaus FC por 5 a 2 e, de quebra, garantiu vaga na Copa Verde 2016 – foto: Ione Moreno', '1', '', '', 'Notícia,fast,copa am', 1, 1, 3, 0),
(71, 45, '31-10-2015', 'emtempo', 'Diretoria do Santos já trabalha com dois planejamentos para 2016', '<b>Brasil - </b>A diretoria e a comissão técnica do Santos possuem dois planejamentos para a próxima temporada. E tudo passa pela Copa Libertadores da América. Caso o time de Dorival Júnior se classifique para a competição continental, os dirigentes santistas prometem reforços de peso para 2016.<br><br>No entanto, se acontecer de o clube paulista não se classificar para a Libertadores, o que seria uma “catástrofe” no fim do ano para todos na Vila Belmiro, a política do “bom e barato” será mantida para a próxima temporada.<br><br>Na mesa do diretor executivo do Santos, Dagoberto Santos, responsável por montar o elenco de 2015, e do presidente Modesto Roma, possuem duas listas uma de jogadores de expressão, inclusive, que atuam na Europa, e outra com atletas mais modestos.<br><br>O portal UOL revelou recentemente que o volante Paulinho e o zagueiro Cleber, ex-Corinthians, e o zagueiro Henrique, ex-Palmeiras, foram oferecidos para a diretoria santista. O trio é considerado negociações quase impossíveis, mas existe a esperança de se iniciarem conversas caso o Santos participe da Libertadores de 2016.<br><br>A cúpula alvinegra acredita que os jogadores que estão na Europa aceitariam reduzir a pedida salarial por causa da visibilidade da competição continental.<br><br>Caso não dispute a Libertadores, a lista de reforços contém nomes mais modestos o zagueiro Kadu, do Atlético-PR, e os meias Régis, do Sport, e Rui, do Coritiba, seriam alguns dos pretendidos pelo alvinegro praiano para 2016.<br><br>Dorival Júnior sugeriu os meias, pois teme perder Lucas Lima para o futebol europeu, e Marquinhos Gabriel, que está emprestado ao Santos até o fim deste ano e pertence ao Al-Nassr, da Arábia Saudita.<br><br>“Eu falei para a diretoria que seria a maior contratação para o ano que vem a do Marquinhos”, afirmou Dorival.<br><br>Caso os dois sejam mantidos para a próxima temporada, Dorival deve priorizar a chegada de um zagueiro experiente, além de dois atacantes um de velocidade e outro que seria o substituto imediato de Ricardo Oliveira.<br><br>Por Folhapress<br>', '', 'santos2-415x260.jpg', 'Diretoria do Santos já trabalha com dois planejamentos para 2016', '2', '', '', 'Notícia,santos', 2, 1, 3, 0),
(72, 50, '31-10-2015', 'EMTEMPO', 'Polícia prende suspeitos de roubarem R$ 700 mil de agência bancaria, em julho deste ano', 'A Delegacia Especializada em Roubos e Furtos (Derf) prendeu três homens suspeitos de envolvimento em um assalto, a uma agência do Banco do Brasil, ocorrido no dia 14 de julho deste ano, no bairro Jorge Teixeira, na Zona Leste da cidade.<br><br>Na ocasião do assalto, os suspeitos mantiveram uma tesoureira do banco e o filho dela reféns durante uma noite inteira e no dia seguinte, foram até agência de onde roubaram a quantia de R$ 700 mil em espécie. Os suspeitos não tiveram os nomes divulgados pela polícia.<br><br>De acordo com uma fonte policial, os homens foram presos em Manaus e nos estados de Santa Catarina e Paraíba. O que foi preso na Paraíba ficará na cidade, pois a prisão foi realizada pela Polícia Federal, já o de Santa Catarina, desembarcou no início da tarde deste sábado (31) no aeroporto Internacional Eduardo Gomes, na Zona Oeste de Manaus.<br>Entenda o caso<br><br>A tesoureira foi surpreendida pelos bandidos quando estava chegando na casa dela, no final da tarde do dia 13 de julho, na Zona Centro-Sul da cidade. Os criminosos entraram na residência e em seguida renderam o filho da mulher, um adolescente de 16 anos.<br><br>Na época, as vítimas passaram a noite em poder dos bandidos e na manhã do dia (14) de julho, a mulher foi levada até a agência do Banco do Brasil para sacar o dinheiro, que foi entregue aos sequestradores.<br><br>Enquanto ela foi realizar o saque, seu filho adolescente foi mantido como refém pelos bandidos. Somente depois da entrega do dinheiro, as vítimas foram liberadas.<br><br>Ainda de acordo com a Polícia Civil, o delegado titular da DERF, Adriano Félix, vai prestar outras informações sobre o caso na próxima terça-feira (3), em coletiva.<br><br>O delegado Adriano Felix, titular da Derfd e responsável pelas investigações, irá apresentará os presos durante coletiva de imprensa na próxima terça-feira (3).<br><br>Por Mara Magalhães<br>', '', 'DELEGADO-ADRIANO-FELIX.jpg', 'O delegado Adriano, irá apresentará os presos durante coletiva de imprensa na próxima terça-feira', '3', '', '', 'Notícia,R$ 700 mil,agência bancaria', 2, 1, 3, 0),
(73, 44, '31-10-2015', '', 'Após abandonar entrevista, Justin Bieber deixa palco em show na Noruega', 'Conhecido por seu temperamento forte, o cantor Justin Bieber irritou-se com os fãs e deixou o palco em um show em Oslo, na Noruega, na última quinta-feira (29).<br><br>O pop star interrompeu o show depois de cantar somente uma das seis músicas programadas para atração, um evento fechado para 950 pessoas.<br><br>A atitude foi registrada por um fã, que gravou o “piti” do cantor pelo celular e publicou o vídeo em uma conta no Twitter.<br><br>No registro, Bieber aparece tentando secar o chão com uma camisa e, segundos depois, deixa o palco, irritado.<br><br>O episódio foi precedido por mais um incidente de indelicadeza do astro: ele abandou uma entrevista na última quarta (28).<br><br>O cantor se incomodou com as perguntas dos repórteres da rádio espanhola “Los 40 Principales” e desistiu de participar da entrevista.<br><br>Bieber postou um pedido de desculpas em seu perfil no Instagram, na quinta (29). “Infelizmente foi uma semana difícil para mim, longos dias sem dormir, enquanto preciso estar ‘ligado’ para as câmeras, fãs etc.”, desabafa.<br><br>“De maneira alguma eu quis parecer mau, mas escolhi terminar o show pois as pessoas na primeira fila não me ouviam”, escreve. “Eu nem sempre lido bem com as coisas, mas sou humano e estou me esforçando para melhorar em responder e não reagir.”<br><br>Por Folhapress<br>', '', 'show-divulg-415x260.jpg', 'Conhecido por seu temperamento forte, o cantor Justin Bieber irritou-se com os fãs e deixou o palco em um show em Oslo, na Noruega, na última quinta-feira (29). ', '1', '', '', 'Notícia,Justin Biebe', 2, 1, 3, 0),
(74, 50, '03-11-2015', 'EMTEMPO', 'Três tentativas de homicídio registradas durante a noite de domingo.', 'A polícia registrou três tentativas de homicídios sendo, duas por arma de fogo e uma por arma branca, durante a noite de domingo (1) e a madrugada desta segunda-feira (2). Todos os casos ocorreram na Zona Norte da cidade.<br><br>Denilson Correa da Silva, 32, foi atingido com três tiros por volta das 2h30, desta segunda-feira (2) na rua Santos. Segundo familiares, a vítima estava em um lanche na companhia de amigos, quando foi surpreendido por dois homens não identificados que estavam em uma motocicleta de placa e caraterísticas não informadas. Um deles estava com uma escopeta e disparou cinco vezes contra o rapaz, sendo que três o atingiram.<br><br>Ele foi socorrido e levado para o Hospital e Pronto Socorro Platão Araújo, na Zona Leste, onde segue internado, mas com o estado de saúde dele é estável.<br><br>Outra vítima de arma de fogo foi Lucas da Rocha Maciel, 21, atingindo com um tiro, nas costas. O crime ocorreu por volta das 23h50, no conjunto viver 2, Cidade nova.<br><br><b>MANAUS - </b>Testemunhas relataram à polícia que o jovem estava em via pública quando dois homens em uma motocicleta que não teve a placa revelada, se aproximaram do rapaz e o garupa efetuou o disparo. Após atirarem, os suspeitos fugiram sem serem identificados.<br><br>Lucas foi socorrido pelo Serviço de Atendimento Móvel de Urgência (Samu) e foi levado para o Plantão Araújo, onde também segue internado.<br><br>Já, a vítima de arma branca foi o Klebervan de Souza de Souza Reis, 43. O caso aconteceu rua 27, bairro Alfredo Nascimento. Ele foi atingido com uma facada na cabeça durante uma discursão com o vizinho dele que não teve o nome divulgado.<br><br>Segundo testemunhas, o motivo da briga, seria porque a cerca de arame do terreno do suspeito estaria dentro do terreno da vítima, Klebervan foi reclamar, mas o vizinho ficou revoltado e desferiu um golpe que atingiu a cabeça dele.<br><br>As tentativas de homicídio de arma de fogo, a polícia trabalha com a hipótese de acerto de contas, em relacionado ao tráfico de drogas.<br>Todos os casos foram registrados no 14º Distrito Integrado de Polícia (DIP), onde serão investigados.<br><br>Por Mara Magalhães<br>', '', 'HPS-DR.-PLATAO-ARAUJO_FOTO_JOSEMAR-ANTUNES_EM-TEMPO-625x416.jpg', 'Todos os casos foram registrados no 14º Distrito Integrado de Polícia (DIP), onde serão investigados – foto: Josemar Antunes', '2', '', '', 'Notícia', 1, 1, 3, 0),
(75, 45, '03-11-2015', 'EMTEMPO', 'Nacional já tem técnico e time quase pronto para 2016', '<b>Manaus - </b>A diretoria do Nacional se nega a falar sobre o assunto, mas fontes ligadas ao clube confirmaram ao PÓDIO que o Leão da Vila Municipal já está em fase final de construção da equipe para a próxima temporada. O técnico será Heriberto da Cunha, 55, que subiu com Vila Nova da Série C para B em 2013.<br><br>O experiente treinador, no entanto, não dirige uma equipe há dois anos. Cunha foi jogador profissional e iniciou sua carreira como técnico em 1996 nas categorias de base do São Paulo e de lá para cá já treinou times como Atlético-PR, Figueirense, Brasiliense, CRB e Fortaleza, onde foi campeão cearense em 2008.<br><br>No site Wikipédia, inclusive, o nome de Heriberto da Cunha já aparece como técnico Nacional Futebol Clube.<br><br>O novo comandante do Leão apresentou o nome de cinco atletas de sua confiança que irão formar a espinha dorsal do time em 2016. Eles se juntarão ao goleiro Wagner e ao meia Charles – únicos que atuaram na péssima campanha na Série D de 2015 que permanecerão. Da base, o meia Hayllan, 18, e o atacante Weverton, 22, também ficarão. O restante do grupo será formado por atletas jovens que não serão utilizados nas equipes principais de Corinthians, Cruzeiro e Atlético-PR.<br><br>A parceria com os clubes do Sul e Sudeste do país teve como intermediador o senador Omar Aziz (PSD). Aziz se tornou amigo do ex-presidente do Timão, Andrés Sanches, que é deputado federal por São Paulo pelo PT e do também senador Zezé Perrella (PDT-MG), que já presidiu o Cruzeiro. Ambos parlamentares fazem parte junto com o Omar da comissão da MP do Profut. Eles têm “aberto portas” para Aziz conseguir o empréstimo de jogadores para o Naça.<br><br>Artilheiro do Nacional em 2015, mesmo ficando boa parte da temporada machucado, o atacante Wanderley até foi sondado para permanecer, mas dois fatores pesaram contra sua permanência. Primeiro a vontade do atleta em voltar para o Ceará, sua terra natal; e também o tempo de recuperação do jogador. A diretoria temia que ele não conseguisse ter a mesma performance deste ano vindo de uma lesão tão seria no ligamento do joelho esquerdo.<br><br>Apresentação<br><br>O novo técnico e o elenco completo devem ser apresentados no início de dezembro, quando a equipe dará início à pré-temporada. Em 2016, o Nacional disputará quatro competições. No primeiro semestre entrará em campo pelo Copa do Brasil e Copa Verde. A partir de agosto disputará os Campeonato Amazonense e a Série D do Campeonato Brasileiro.<br><br>A mudança no perfil de formação da equipe é uma aposta da diretoria para dar novos rumos ao Nacional. Nos últimos anos, a direção investiu em elencos com jogadores rodados e com nomes de expressão como Danilo Rios, mas não conseguiu se destacar no Campeonato Brasileiro.<br><br>Thiago Botelho<br>', '', 'NacionAL-625x349.jpg', 'Humberto da Cunha que subiu da série C para a B em 2013 com o Vila Nova de Goiás, deve ser confirmado como técnico do Naça no início de dezembro – foto: divulgação', '3', '', '', 'Notícia,nacional', 1, 1, 3, 0),
(76, 53, '03-11-2015', 'EMTEMPO', 'Acidentes de trânsito matam mais que crimes em Manaus', '<b>MANAUS - </b>Para o espanto de alguns, a principal causa de mortes de jovens no Brasil não é o crime, mas, sim, o trânsito. Em Manaus, uma média de 20 acidentes graves são registrados na cidade, em sua maioria, envolvendo pessoas que consumiram bebidas alcoólicas e dirigiam em alta velocidade. Conforme dados da Secretaria de Segurança Pública (SSP-AM), nos últimos 3 anos, os casos de acidentes de trânsito na capital subiram em torno de 41%<br><br>. Foram mais de 21 mil vítimas feridas e outras mil perderam suas vidas. Campanhas de conscientização estão sempre em vigor, porém, poucas melhoras aconteceram.<br><br>O delegado titular da Delegacia Especializada em Acidentes de Trânsito (Deat), Luis Humberto Monteiro, compara os crimes no trânsito a uma epidemia, mas com número de vítimas fatais muito superiores a doenças como dengue ou malária. Segundo ele, não basta somente mudanças na legislação, é necessário investir em educação, tanto de condutores quanto de pedestres para minimizar a quantidade de mortes.<br><br>“Nós podemos melhorar, porque o trânsito somos nós. Se cada um fizer a sua parte, vamos melhorar. Agora, é muito difícil, porque é um problema cultural e a gente precisa estar o tempo todo em cima: ‘Olha, cuidado. Se você for dirigir, não beba. Vai beber, não dirija’. Nós temos que colocar isso, o tempo todo bater na mesma tecla, para ver se os jovens criam consciência”,opina Monteiro.<br><br>De acordo com o titular da Deat, é preciso consciência por parte nos condutores. Desde o ano passado, a lei 12.971/14 alterou 11 artigos do Código de Trânsito Brasileiro (CTB), para dispor sobre sanções administrativas e crimes de trânsito. Se antes as penas para condutores envolvidos em acidentes com vítimas fatais eram apenas de detenção de 2 a 4 anos e afiançável, agora o motorista que matar alguém sob efeito de substâncias psicoativas poderá ficar preso por até 4 anos, sem direito ao pagamento de fiança.<br><br>“Houve algumas mudanças que melhoraram o sistema dos problemas de acidente de trânsito. Tem uma nova legislação para pessoas que vão dirigir e acabam cometendo um acidente com vítimas fatais. Agora, essas pessoas podem realmente ser presas. É o que chamamos de homicídio qualificado. A qualificadora é justamente o álcool ou qualquer outra substância psicoativa que determine dependência”, explica Monteiro, que está há mais de 10 anos àfrente da Deat.<br><br>Conforme o delegado, as mudanças na legislação são eficazes no combate aos acidentes de trânsito, mas para as estatísticas caírem é necessário uma participação maior por parte da população. Para Monteiro, união, educação e respeito são alguns dos fatores que podem mudar a triste rotina do trânsito, que todos os dias faz vítimas fatais nas ruas de Manaus.<br><br>“A causa principal de mortes no trânsito é a velocidade e a embriaguez. Agora, nós estamos preocupados com o número de pessoas que andam de motocicleta, elas têm sido vítimas com mais frequência. As altas velocidades e a falta de respeito levam a isso. Às vezes eles (motoqueiros) têm razão também. O respeito é fundamental para isso. Tem havido alguns acidentes também com bicicleta, o que também chama a atenção”, diz Monteiro.<br><br>Pouco efeito<br><br>O titular da Deat não culpa somente condutores pelos crimes de trânsito. Segundo ele, os pedestres são parte fundamental do processo de educação nas ruas. Apesar de todo o esforço feito pelos órgãos envolvidos com o trânsito em Manaus, com campanhas de conscientização realizadas quase que mensalmente, o efeito delas não tem sido o esperado. Para Monteiro, as leis precisam evoluir no sentido de serem mais rigorosas com os que desrespeitam o CBT.<br><br>“Quem sabe amanhã nossa legislação seja mais forte e possa ter um peso maior, uma punição que funcione para que a pessoa respeite ainda mais as leis. Hoje, quando tem blitz de Lei Seca na avenida do Turismo, os jovens se comunicam por rede social para desviar da fiscalização. Que mundo é esse? Todo mundo quer dar um jeito, é o chamado jeitinho brasileiro”, pontua Monteiro.<br><br>Por André Tobias e Thiago Fernando<br>', '', 'acidente3-625x405.jpg', 'Falta de conscientização por parte de motoristas e pedestres contribui para alto índice de ocorrências na cidade.', '2', '', '', 'Notícia,TRANSITO,MORTE', 1, 1, 3, 0);

-- --------------------------------------------------------

--
-- Estrutura para tabela `sub_editoriais`
--

CREATE TABLE IF NOT EXISTS `sub_editoriais` (
`sub_editoriais_id` int(10) unsigned NOT NULL,
  `editoria_id` int(10) unsigned NOT NULL,
  `sub_editora` varchar(100) NOT NULL DEFAULT '',
  `usuario_id` int(10) unsigned NOT NULL
) ENGINE=InnoDB  DEFAULT CHARSET=latin1 AUTO_INCREMENT=56 ;

--
-- Fazendo dump de dados para tabela `sub_editoriais`
--

INSERT INTO `sub_editoriais` (`sub_editoriais_id`, `editoria_id`, `sub_editora`, `usuario_id`) VALUES
(13, 1, 'POLÍTICA', 1),
(15, 1, 'BRASIL', 1),
(17, 1, 'ELEIÇÕES', 1),
(18, 1, 'MUNDO', 1),
(22, 3, 'FÓRMULA 1', 1),
(27, 4, 'TELEVISÃO', 1),
(29, 4, 'CINEMA', 1),
(35, 4, 'BIZARRO', 1),
(41, 7, 'SHOW & ARTE', 1),
(44, 4, 'FAMOSOS', 1),
(45, 3, 'FUTEBOL', 1),
(46, 3, 'OLIMPíADAS', 1),
(48, 8, 'INTERNACIONAL', 1),
(50, 6, 'MANAUS', 1),
(51, 1, 'educação', 3),
(52, 1, 'Manaus', 3),
(53, 1, 'TRÂNSITO', 3),
(55, 5, 'MEIO AMBIENTE', 3);

-- --------------------------------------------------------

--
-- Estrutura para tabela `usuario`
--

CREATE TABLE IF NOT EXISTS `usuario` (
`usuario_id` int(10) unsigned NOT NULL,
  `nome` varchar(100) NOT NULL DEFAULT '',
  `login` varchar(45) NOT NULL DEFAULT '',
  `senha` varchar(45) NOT NULL DEFAULT '',
  `status` int(10) unsigned NOT NULL DEFAULT '0' COMMENT '1- ATIVO 2 - DESATIVADO',
  `email` varchar(100) NOT NULL DEFAULT '',
  `nivel` int(10) unsigned NOT NULL DEFAULT '0'
) ENGINE=InnoDB  DEFAULT CHARSET=latin1 AUTO_INCREMENT=4 ;

--
-- Fazendo dump de dados para tabela `usuario`
--

INSERT INTO `usuario` (`usuario_id`, `nome`, `login`, `senha`, `status`, `email`, `nivel`) VALUES
(1, 'Administrador Sistema', 'admin', 'admin', 1, 'karolfurletti@gmail.com', 0),
(2, 'Thiago Maneschy', 'thiago', 'maneschy25', 1, 'thiago@maneschy.com', 0),
(3, 'Michell Ferreira', 'michell', 'caboco15', 1, 'thiago@maneschy.com', 0);

-- --------------------------------------------------------

--
-- Estrutura para tabela `videos`
--

CREATE TABLE IF NOT EXISTS `videos` (
`videos_id` int(10) unsigned NOT NULL,
  `data_video` varchar(45) NOT NULL DEFAULT '',
  `editoria` varchar(100) NOT NULL DEFAULT '',
  `codigo` varchar(100) NOT NULL DEFAULT '',
  `legenda` varchar(100) NOT NULL DEFAULT '',
  `usuario_id` int(10) unsigned NOT NULL
) ENGINE=InnoDB  DEFAULT CHARSET=latin1 AUTO_INCREMENT=3 ;

--
-- Fazendo dump de dados para tabela `videos`
--

INSERT INTO `videos` (`videos_id`, `data_video`, `editoria`, `codigo`, `legenda`, `usuario_id`) VALUES
(1, '01-10-2015', 'BIZARRO', '887878', 'VIDEO TESTE2', 1),
(2, '15-10-2015', 'ESPORTES', 'LTNaque6_8w', 'teste legenda videos', 2);

--
-- Índices de tabelas apagadas
--

--
-- Índices de tabela `album`
--
ALTER TABLE `album`
 ADD PRIMARY KEY (`album_id`), ADD KEY `fk_album_usuario1_idx` (`usuario_id`);

--
-- Índices de tabela `album_fotos`
--
ALTER TABLE `album_fotos`
 ADD PRIMARY KEY (`album_fotos_id`), ADD KEY `fk_album_fotos_album1_idx` (`album_id`);

--
-- Índices de tabela `banner`
--
ALTER TABLE `banner`
 ADD PRIMARY KEY (`banner_id`), ADD KEY `fk_banner_usuario1_idx` (`usuario_id`);

--
-- Índices de tabela `blogs`
--
ALTER TABLE `blogs`
 ADD PRIMARY KEY (`blogs_id`), ADD KEY `fk_blogs_usuario1_idx` (`usuario_id`);

--
-- Índices de tabela `editoria`
--
ALTER TABLE `editoria`
 ADD PRIMARY KEY (`editoria_id`);

--
-- Índices de tabela `noticia`
--
ALTER TABLE `noticia`
 ADD PRIMARY KEY (`noticia_id`), ADD KEY `fk_noticia_sub_editoriais1_idx` (`sub_editoriais_id`), ADD KEY `fk_noticia_usuario1_idx` (`usuario_id`);

--
-- Índices de tabela `sub_editoriais`
--
ALTER TABLE `sub_editoriais`
 ADD PRIMARY KEY (`sub_editoriais_id`), ADD KEY `fk_sub_editoriais_usuario1_idx` (`usuario_id`), ADD KEY `fk_sub_editoriais_editoria1_idx` (`editoria_id`);

--
-- Índices de tabela `usuario`
--
ALTER TABLE `usuario`
 ADD PRIMARY KEY (`usuario_id`);

--
-- Índices de tabela `videos`
--
ALTER TABLE `videos`
 ADD PRIMARY KEY (`videos_id`), ADD KEY `fk_videos_usuario1_idx` (`usuario_id`);

--
-- AUTO_INCREMENT de tabelas apagadas
--

--
-- AUTO_INCREMENT de tabela `album`
--
ALTER TABLE `album`
MODIFY `album_id` int(10) unsigned NOT NULL AUTO_INCREMENT,AUTO_INCREMENT=14;
--
-- AUTO_INCREMENT de tabela `album_fotos`
--
ALTER TABLE `album_fotos`
MODIFY `album_fotos_id` int(10) unsigned NOT NULL AUTO_INCREMENT,AUTO_INCREMENT=17;
--
-- AUTO_INCREMENT de tabela `banner`
--
ALTER TABLE `banner`
MODIFY `banner_id` int(10) unsigned NOT NULL AUTO_INCREMENT,AUTO_INCREMENT=18;
--
-- AUTO_INCREMENT de tabela `blogs`
--
ALTER TABLE `blogs`
MODIFY `blogs_id` int(10) unsigned NOT NULL AUTO_INCREMENT,AUTO_INCREMENT=4;
--
-- AUTO_INCREMENT de tabela `editoria`
--
ALTER TABLE `editoria`
MODIFY `editoria_id` int(10) unsigned NOT NULL AUTO_INCREMENT,AUTO_INCREMENT=10;
--
-- AUTO_INCREMENT de tabela `noticia`
--
ALTER TABLE `noticia`
MODIFY `noticia_id` int(10) unsigned NOT NULL AUTO_INCREMENT,AUTO_INCREMENT=77;
--
-- AUTO_INCREMENT de tabela `sub_editoriais`
--
ALTER TABLE `sub_editoriais`
MODIFY `sub_editoriais_id` int(10) unsigned NOT NULL AUTO_INCREMENT,AUTO_INCREMENT=56;
--
-- AUTO_INCREMENT de tabela `usuario`
--
ALTER TABLE `usuario`
MODIFY `usuario_id` int(10) unsigned NOT NULL AUTO_INCREMENT,AUTO_INCREMENT=4;
--
-- AUTO_INCREMENT de tabela `videos`
--
ALTER TABLE `videos`
MODIFY `videos_id` int(10) unsigned NOT NULL AUTO_INCREMENT,AUTO_INCREMENT=3;
--
-- Restrições para dumps de tabelas
--

--
-- Restrições para tabelas `album`
--
ALTER TABLE `album`
ADD CONSTRAINT `fk_album_usuario1` FOREIGN KEY (`usuario_id`) REFERENCES `usuario` (`usuario_id`) ON DELETE NO ACTION ON UPDATE NO ACTION;

--
-- Restrições para tabelas `album_fotos`
--
ALTER TABLE `album_fotos`
ADD CONSTRAINT `fk_album_fotos_album1` FOREIGN KEY (`album_id`) REFERENCES `album` (`album_id`) ON DELETE NO ACTION ON UPDATE NO ACTION;

--
-- Restrições para tabelas `banner`
--
ALTER TABLE `banner`
ADD CONSTRAINT `fk_banner_usuario1` FOREIGN KEY (`usuario_id`) REFERENCES `usuario` (`usuario_id`) ON DELETE NO ACTION ON UPDATE NO ACTION;

--
-- Restrições para tabelas `blogs`
--
ALTER TABLE `blogs`
ADD CONSTRAINT `fk_blogs_usuario1` FOREIGN KEY (`usuario_id`) REFERENCES `usuario` (`usuario_id`) ON DELETE NO ACTION ON UPDATE NO ACTION;

--
-- Restrições para tabelas `noticia`
--
ALTER TABLE `noticia`
ADD CONSTRAINT `fk_noticia_sub_editoriais1` FOREIGN KEY (`sub_editoriais_id`) REFERENCES `sub_editoriais` (`sub_editoriais_id`) ON DELETE NO ACTION ON UPDATE NO ACTION,
ADD CONSTRAINT `fk_noticia_usuario1` FOREIGN KEY (`usuario_id`) REFERENCES `usuario` (`usuario_id`) ON DELETE NO ACTION ON UPDATE NO ACTION;

--
-- Restrições para tabelas `sub_editoriais`
--
ALTER TABLE `sub_editoriais`
ADD CONSTRAINT `fk_sub_editoriais_editoria1` FOREIGN KEY (`editoria_id`) REFERENCES `editoria` (`editoria_id`) ON DELETE NO ACTION ON UPDATE NO ACTION,
ADD CONSTRAINT `fk_sub_editoriais_usuario1` FOREIGN KEY (`usuario_id`) REFERENCES `usuario` (`usuario_id`) ON DELETE NO ACTION ON UPDATE NO ACTION;

--
-- Restrições para tabelas `videos`
--
ALTER TABLE `videos`
ADD CONSTRAINT `fk_videos_usuario1` FOREIGN KEY (`usuario_id`) REFERENCES `usuario` (`usuario_id`) ON DELETE NO ACTION ON UPDATE NO ACTION;

/*!40101 SET CHARACTER_SET_CLIENT=@OLD_CHARACTER_SET_CLIENT */;
/*!40101 SET CHARACTER_SET_RESULTS=@OLD_CHARACTER_SET_RESULTS */;
/*!40101 SET COLLATION_CONNECTION=@OLD_COLLATION_CONNECTION */;
